url,title,price,condition,brand,store_address
https://jiji.co.ke/nairobi-central/computer-monitors/hp-monitor-7ZcT5dzk9RJPfw0VAG87IYO7.html?page=1&pos=1&cur_pos=1&ads_per_page=24&ads_count=5237&lid=rQpiexGuaCwCNweI&indexPosition=0,Hp Monitor,"KSh 11,000",Refurbished,HP,"F&F Building, Shop U19, 1st Floor, along Tom Mboya Street, Latema Junction — Nairobi CBD."
https://jiji.co.ke/nairobi-central/computer-monitors/dell-p2725h-27-fhd-monitor-hFylCEt8Bx3hXqVhsQ88L5BI.html?page=1&pos=4&cur_pos=4&ads_per_page=24&ads_count=5237&lid=rQpiexGuaCwCNweI&indexPosition=3,"Dell P2725H 27"" FHD Monitor","KSh 28,999",Brand New,Dell,TURKANA BUSINESS CENTER 1st FLOOR Shop A15 Moi avenue just few meters from MKU Tower.
https://jiji.co.ke/nairobi-central/computer-monitors/hp-monitor-z23-framless-screen-rf37UUBi40AF3mtnMvscwcYQ.html?page=1&pos=7&cur_pos=7&ads_per_page=24&ads_count=5237&lid=rQpiexGuaCwCNweI&indexPosition=6,HP Monitor Z23 Framless Screen,"KSh 9,999",Refurbished,HP,Old Nation House 1st Floor shop A14 Tom Mboya Street Opposite Fire station
https://jiji.co.ke/nairobi-central/computer-monitors/samsung-s3-essential-monitor-27-eLqjTDqQdq1m0DIpWn4a6Pve.html?page=1&pos=10&cur_pos=10&ads_per_page=24&ads_count=5237&lid=rQpiexGuaCwCNweI&indexPosition=9,"Samsung S3 Essential Monitor 27""","KSh 21,500",Brand New,Samsung,Connecttech
https://jiji.co.ke/nairobi-central/computer-monitors/hp-e243m-monitor-19irLNZMAGbOFEOgbmywHbsN.html?page=1&pos=13&cur_pos=13&ads_per_page=24&ads_count=5237&lid=rQpiexGuaCwCNweI&indexPosition=12,HP E243m Monitor,"KSh 11,000",Refurbished,HP,Not available
https://jiji.co.ke/nairobi-central/computer-monitors/lenovo-edege-to-edge-monitor-tHzOKZVeXhE4R05xBuy4qakN.html?page=1&pos=16&cur_pos=16&ads_per_page=24&ads_count=5237&lid=rQpiexGuaCwCNweI&indexPosition=15,Lenovo Edege to Edge Monitor,"KSh 7,500",Brand New,Lenovo,Not available
https://jiji.co.ke/nairobi-central/computer-monitors/lenovo-tft-monitors-txkiMxBFYtvvw2Ci7CsQICsB.html?page=1&pos=19&cur_pos=19&ads_per_page=24&ads_count=5237&lid=rQpiexGuaCwCNweI&indexPosition=18,Lenovo TFT Monitors,"KSh 3,000",Refurbished,Lenovo,Not available
https://jiji.co.ke/nairobi-central/computer-monitors/hp-z24f-g3-monitor-5LMsSNyxThC4DnvrhderXaVv.html?page=1&pos=22&cur_pos=22&ads_per_page=24&ads_count=5237&lid=rQpiexGuaCwCNweI&indexPosition=21,HP Z24f G3 Monitor,"KSh 13,500",Brand New,HP,Not available
https://jiji.co.ke/nairobi-central/computer-monitors/hp-series-5-pro-27-inch-qhd-monitor-527pq-uP1KSoNyFJDvF4KCBlzhoWLU.html?page=1&pos=2&cur_pos=2&ads_per_page=24&ads_count=5237&lid=rQpiexGuaCwCNweI&indexPosition=1,HP Series 5 Pro 27 Inch QHD Monitor- 527pq,"KSh 40,999",Brand New,HP,TURKANA BUSINESS CENTER 1st FLOOR Shop A15 Moi avenue just few meters from MKU Tower.
https://jiji.co.ke/nairobi-central/computer-monitors/hp-series-5-524sf-monitor-jUzigIT5gJgWaud5jL9KPDk4.html?page=1&pos=5&cur_pos=5&ads_per_page=24&ads_count=5237&lid=rQpiexGuaCwCNweI&indexPosition=4,Hp Series 5 524sf Monitor,"KSh 25,000",Brand New,HP,Not available
https://jiji.co.ke/nairobi-central/computer-monitors/hp-series-5-pro-524pf-24-inch-boxed-monitor-1920-1080-ckEmhWr9f3zZ1jVMfHJWX4d6.html?page=1&pos=8&cur_pos=8&ads_per_page=24&ads_count=5237&lid=rQpiexGuaCwCNweI&indexPosition=7,"HP Series 5 Pro 524pf
24 Inch Boxed Monitor 
1920*1080","KSh 21,500",Refurbished,HP,Not available
https://jiji.co.ke/nairobi-central/computer-monitors/lenovo-thinkvision-p34w-20-34-inch-ultra-wide-curved-monitor-9YwyCsFaEBCqMmpAe5iZI8x8.html?page=1&pos=11&cur_pos=11&ads_per_page=24&ads_count=5237&lid=rQpiexGuaCwCNweI&indexPosition=10,"Lenovo Thinkvision P34w-20 
34 Inch Ultra Wide Curved Monitor","KSh 46,000",Refurbished,Lenovo,Not available
https://jiji.co.ke/nairobi-central/computer-monitors/lenovo-thinkvision-s27i-30-27-fhd-monitor-ByH2ZibLNdguJbHrhswdkQuN.html?page=1&pos=14&cur_pos=14&ads_per_page=24&ads_count=5237&lid=rQpiexGuaCwCNweI&indexPosition=13,"""Lenovo ThinkVision S27i-30 27"""" FHD Monitor","KSh 23,000",Brand New,Lenovo,13965
https://jiji.co.ke/nairobi-central/computer-monitors/15-inch-touch-screen-monitor-for-pos-zk1rstWQ0ZCnpLyfLugbl7px.html?page=1&pos=17&cur_pos=17&ads_per_page=24&ads_count=5237&lid=rQpiexGuaCwCNweI&indexPosition=16,15 Inch Touch Screen Monitor for Pos,"KSh 14,500",Brand New,Other,Not available
https://jiji.co.ke/nairobi-central/computer-monitors/hp-z22-22inch-monitor-8RErDxwwHdWj9K6LZyMDvQiF.html?page=1&pos=20&cur_pos=20&ads_per_page=24&ads_count=5237&lid=rQpiexGuaCwCNweI&indexPosition=19,Hp Z22 22inch Monitor,"KSh 10,500",Refurbished,HP,Not available
https://jiji.co.ke/nairobi-central/computer-monitors/dell-e2425h-23-8-fhd-monitor-black-tLj1yCjMXMG2TQxjzkcIHZET.html?page=1&pos=23&cur_pos=23&ads_per_page=24&ads_count=5237&lid=rQpiexGuaCwCNweI&indexPosition=22,"Dell E2425H 23.8"""" FHD Monitor, Black","KSh 17,000",Brand New,Dell,13965
https://jiji.co.ke/nairobi-central/computer-monitors/lenovo-t34wd-40-34-ultrawide-qhd-curved-monitor-iMI6CYrXiAhbtoxQ8NBESxb0.html?page=1&pos=3&cur_pos=3&ads_per_page=24&ads_count=5237&lid=rQpiexGuaCwCNweI&indexPosition=2,"Lenovo T34wd-40 34""Ultrawide QHD Curved Monitor","KSh 67,998",Brand New,Lenovo,TURKANA BUSINESS CENTER 1st FLOOR Shop A15 Moi avenue just few meters from MKU Tower.
https://jiji.co.ke/nairobi-central/computer-monitors/dell-monitor-24-inch-screen-framless-Bryr4UkNGvOcQTRn9ZPhNXzA.html?page=1&pos=6&cur_pos=6&ads_per_page=24&ads_count=5237&lid=rQpiexGuaCwCNweI&indexPosition=5,Dell Monitor 24 Inch Screen Framless,"KSh 9,999",Refurbished,Dell,Old Nation House 1st Floor shop A14 Tom Mboya Street Opposite Fire station
https://jiji.co.ke/nairobi-central/computer-monitors/samsung-odyssey-g9-49-inch-curved-monitor-ktPALdedgwoiAdpShqTxSQKa.html?page=1&pos=9&cur_pos=9&ads_per_page=24&ads_count=5237&lid=rQpiexGuaCwCNweI&indexPosition=8,"Samsung Odyssey G9 
 49 Inch Curved Monitor","KSh 180,000",Refurbished,Samsung,Not available
https://jiji.co.ke/nairobi-central/computer-monitors/hp-17-inch-square-screen-monitor-7uXZnURV9rywGD6tSRygCUXo.html?page=1&pos=12&cur_pos=12&ads_per_page=24&ads_count=5237&lid=rQpiexGuaCwCNweI&indexPosition=11,HP 17 Inch Square Screen Monitor,"KSh 2,999",Refurbished,HP,Old Nation House 1st Floor shop A14 Tom Mboya Street Opposite Fire station
https://jiji.co.ke/nairobi-central/computer-monitors/lenovo-edge-to-edge-monitors-tYcbp3O41R6KSp9FPRWQ7tDD.html?page=1&pos=15&cur_pos=15&ads_per_page=24&ads_count=5237&lid=rQpiexGuaCwCNweI&indexPosition=14,Lenovo Edge to Edge Monitors,"KSh 9,500",Brand New,Lenovo,Not available
https://jiji.co.ke/nairobi-central/computer-monitors/24-edge-to-edge-lenovo-monitor-9QkrtqOd4KaRLMyvegEcH9Qb.html?page=1&pos=18&cur_pos=18&ads_per_page=24&ads_count=5237&lid=rQpiexGuaCwCNweI&indexPosition=17,24' Edge to Edge Lenovo Monitor,"KSh 10,000",Refurbished,Lenovo,Pioneer hse 3rd floor 312B
https://jiji.co.ke/nairobi-central/computer-monitors/hp-e223-monitor-itUzMi2U6gUQiTVtzYDi3Qe3.html?page=1&pos=21&cur_pos=21&ads_per_page=24&ads_count=5237&lid=rQpiexGuaCwCNweI&indexPosition=20,HP E223 Monitor,"KSh 8,000",Refurbished,HP,Not available
https://jiji.co.ke/nairobi-central/computer-monitors/lenovo-monitor-frM4keyRQ96KwthvfZCvn9a6.html?page=1&pos=24&cur_pos=24&ads_per_page=24&ads_count=5237&lid=rQpiexGuaCwCNweI&indexPosition=23,Lenovo Monitor,"KSh 12,000",Refurbished,Lenovo,"F&F Building, Shop U19, 1st Floor, along Tom Mboya Street, Latema Junction — Nairobi CBD."
https://jiji.co.ke/nairobi-central/computer-monitors/lenovo-thinkvision-s27i-30-27-fhd-monitor-ByH2ZibLNdguJbHrhswdkQuN.html?page=2&pos=1&cur_pos=1&ads_per_page=24&ads_count=4939&lid=AEXPGUAYJ76MBqKX&indexPosition=0,"""Lenovo ThinkVision S27i-30 27"""" FHD Monitor","KSh 23,000",Brand New,Lenovo,13965
https://jiji.co.ke/nairobi-central/computer-monitors/hp-omen-27qz-gaming-monitor-2560-1440-165hz-2-hdmi-ports-display-63TwjRMV84PPYp5pXwtfkdWt.html?page=2&pos=4&cur_pos=4&ads_per_page=24&ads_count=4939&lid=AEXPGUAYJ76MBqKX&indexPosition=3,"Hp Omen 27qz 
Gaming Monitor 
2560*1440 165hz
 2 Hdmi Ports,Display","KSh 39,999",Brand New,HP,Location: Along Tom mboya street  Opposite  Fire Station Pioneer Tom mboya street 3rd floor  room 30
https://jiji.co.ke/nairobi-central/computer-monitors/lenovo-edege-to-edge-monitor-tHzOKZVeXhE4R05xBuy4qakN.html?page=2&pos=7&cur_pos=7&ads_per_page=24&ads_count=4939&lid=AEXPGUAYJ76MBqKX&indexPosition=6,Lenovo Edege to Edge Monitor,"KSh 7,500",Brand New,Lenovo,Not available
https://jiji.co.ke/nairobi-central/computer-monitors/15-inch-touch-screen-monitor-for-pos-zk1rstWQ0ZCnpLyfLugbl7px.html?page=2&pos=10&cur_pos=10&ads_per_page=24&ads_count=4939&lid=AEXPGUAYJ76MBqKX&indexPosition=9,15 Inch Touch Screen Monitor for Pos,"KSh 14,500",Brand New,Other,Not available
https://jiji.co.ke/nairobi-central/computer-monitors/dell-34inch-monitor-model-p3421w-xhWGZxQtsRU8fEJE0CqxsbyH.html?page=2&pos=13&cur_pos=13&ads_per_page=24&ads_count=4939&lid=AEXPGUAYJ76MBqKX&indexPosition=12,Dell 34inch Monitor  Model: P3421w,"KSh 54,999",Refurbished,Dell,Location: Along Tom mboya street  Opposite  Fire Station Pioneer Tom mboya street 3rd floor  room 30
https://jiji.co.ke/nairobi-central/computer-monitors/lenovo-monitor-frM4keyRQ96KwthvfZCvn9a6.html?page=2&pos=16&cur_pos=16&ads_per_page=24&ads_count=4939&lid=AEXPGUAYJ76MBqKX&indexPosition=15,Lenovo Monitor,"KSh 12,000",Refurbished,Lenovo,"F&F Building, Shop U19, 1st Floor, along Tom Mboya Street, Latema Junction — Nairobi CBD."
https://jiji.co.ke/nairobi-central/computer-monitors/22-inches-tft-monitors-Bc54fU7qYUYvWvFdl8ATqKPZ.html?page=2&pos=19&cur_pos=19&ads_per_page=24&ads_count=4939&lid=AEXPGUAYJ76MBqKX&indexPosition=18,22 Inches TFT Monitors,"KSh 6,500",Refurbished,HP,Not available
https://jiji.co.ke/nairobi-central/computer-monitors/samsung-odeyssy-32inch-monitor-paGd8MPjAzh731iiyNpKdngd.html?page=2&pos=22&cur_pos=22&ads_per_page=24&ads_count=4939&lid=AEXPGUAYJ76MBqKX&indexPosition=21,Samsung Odeyssy 32inch Monitor,"KSh 36,500",Used,Samsung,Not available
https://jiji.co.ke/mombasa-cbd/computer-monitors/dell-22-hdmi-monitor-dolDOHbantKsdOIYtxs0eLIO.html?page=2&pos=2&cur_pos=2&ads_per_page=24&ads_count=4939&lid=AEXPGUAYJ76MBqKX&indexPosition=1,"Dell 22"" HDMI MONITOR","KSh 6,500",Refurbished,Dell,Not available
https://jiji.co.ke/nairobi-central/computer-monitors/lenovo-edge-to-edge-monitors-tYcbp3O41R6KSp9FPRWQ7tDD.html?page=2&pos=5&cur_pos=5&ads_per_page=24&ads_count=4939&lid=AEXPGUAYJ76MBqKX&indexPosition=4,Lenovo Edge to Edge Monitors,"KSh 9,500",Brand New,Lenovo,Not available
https://jiji.co.ke/nairobi-central/computer-monitors/hp-z24u-g3-usb-c-100w-power-delivery-monitor-THmucV9hCw4Vj9cJdImWRqO.html?page=2&pos=8&cur_pos=8&ads_per_page=24&ads_count=4939&lid=AEXPGUAYJ76MBqKX&indexPosition=7,Hp Z24u G3 Usb-c 100w Power Delivery Monitor,"KSh 24,999",Refurbished,HP,Rahimtulla trust building first floor shop 12 along moi avenue opposite Bihi towers
https://jiji.co.ke/nairobi-central/computer-monitors/hp-23-1080p-full-hd-led-backlit-lcd-monitor-black-jTB6TTQ7lzKCIa63NePWEcYF.html?page=2&pos=11&cur_pos=11&ads_per_page=24&ads_count=4939&lid=AEXPGUAYJ76MBqKX&indexPosition=10,"Hp 23'' 1080p Full Hd Led-Backlit LCD Monitor, Black","KSh 5,800",Refurbished,HP,"Nairobi , Moi Avenue, Rahimtulla Trust Building, 2nd floor, right wing, shop 34.opposite Bihi towers"
https://jiji.co.ke/nairobi-central/computer-monitors/19-inches-dell-tft-monitors-6nRzlrWJUSmYgySvvXB0FYGT.html?page=2&pos=14&cur_pos=14&ads_per_page=24&ads_count=4939&lid=AEXPGUAYJ76MBqKX&indexPosition=13,19 Inches Dell TFT Monitors,"KSh 3,800",Refurbished,Dell,Not available
https://jiji.co.ke/nairobi-central/computer-monitors/samsung-essential-monitor-s3-23-8-full-hd-7STHDPer6YpNN3NWjiQ9Ij66.html?page=2&pos=17&cur_pos=17&ads_per_page=24&ads_count=4939&lid=AEXPGUAYJ76MBqKX&indexPosition=16,"Samsung Essential Monitor S3 23.8"" Full Hd","KSh 15,999",Brand New,Samsung,"4P8J+5P Kianjai, Kenya"
https://jiji.co.ke/nairobi-central/computer-monitors/hp-19-inches-tft-monitors-vXM2O3wDEzYWDs8KLHOElNCR.html?page=2&pos=20&cur_pos=20&ads_per_page=24&ads_count=4939&lid=AEXPGUAYJ76MBqKX&indexPosition=19,Hp 19 Inches Tft Monitors,"KSh 3,900",Refurbished,HP,Not available
https://jiji.co.ke/nairobi-central/computer-monitors/dell-22inch-edge-to-edge-monitor-touchscreen-biiSgh3xQO9zkGjE1GLWECJc.html?page=2&pos=23&cur_pos=23&ads_per_page=24&ads_count=4939&lid=AEXPGUAYJ76MBqKX&indexPosition=22,Dell 22inch Edge-to-Edge Monitor Touchscreen,"KSh 14,000",Refurbished,Dell,Not available
https://jiji.co.ke/nairobi-central/computer-monitors/hp-series-5-524sw-24-inches-full-hd-monitor-white-dUQurhxrnnSKjIbQWwUexLY.html?page=2&pos=3&cur_pos=3&ads_per_page=24&ads_count=4939&lid=AEXPGUAYJ76MBqKX&indexPosition=2,HP Series 5 524SW 24 Inches Full HD Monitor White,"KSh 20,999",Brand New,HP,Moi Avenue Stanbank House Next to Kenya National Archives Room 718 7th Floor
https://jiji.co.ke/nairobi-central/computer-monitors/hp-series-3-pro-23-8-inch-fhd-monitor-d5YPBdF5bbWoXMAkGf4kfPbS.html?page=2&pos=6&cur_pos=6&ads_per_page=24&ads_count=4939&lid=AEXPGUAYJ76MBqKX&indexPosition=5,"""HP Series 3 Pro 23.8 Inch FHD Monitor","KSh 22,000",Brand New,HP,13965
https://jiji.co.ke/nairobi-central/computer-monitors/lenovo-thinkvision-27iinch-monitor-model-p27h-10-27inch-2tXv5duiApc4xwaVnNrJgLmL.html?page=2&pos=9&cur_pos=9&ads_per_page=24&ads_count=4939&lid=AEXPGUAYJ76MBqKX&indexPosition=8,Lenovo Thinkvision 27iinch Monitor Model P27h-10 27inch,"KSh 23,000",Refurbished,Lenovo,Location: Along Tom mboya street  Opposite  Fire Station Pioneer Tom mboya street 3rd floor  room 30
https://jiji.co.ke/nairobi-central/computer-monitors/24-edge-to-edge-lenovo-monitor-9QkrtqOd4KaRLMyvegEcH9Qb.html?page=2&pos=12&cur_pos=12&ads_per_page=24&ads_count=4939&lid=AEXPGUAYJ76MBqKX&indexPosition=11,24' Edge to Edge Lenovo Monitor,"KSh 10,000",Refurbished,Lenovo,Pioneer hse 3rd floor 312B
https://jiji.co.ke/nairobi-central/computer-monitors/the-hp-z24u-g3-24-inch-edge-to-edge-usb-c-wide-screen-monitor-ks9m92kUpiTw7fQZ5R6mS9u1.html?page=2&pos=15&cur_pos=15&ads_per_page=24&ads_count=4939&lid=AEXPGUAYJ76MBqKX&indexPosition=14,The Hp Z24u G3 24 Inch Edge-to Edge Usb C Wide Screen Monitor,"KSh 24,499",Refurbished,HP,Rahimtulla trust building first floor shop 12 along moi avenue opposite Bihi towers
https://jiji.co.ke/nairobi-central/computer-monitors/hp-23-inch-monitor-grMd7Fg8n0K4hMISzlzvWTnP.html?page=2&pos=18&cur_pos=18&ads_per_page=24&ads_count=4939&lid=AEXPGUAYJ76MBqKX&indexPosition=17,Hp 23 Inch Monitor,"KSh 5,900",Refurbished,HP,"Nairobi , Moi Avenue, Rahimtulla Trust Building, 2nd floor, right wing, shop 34.opposite Bihi towers"
https://jiji.co.ke/nairobi-central/computer-monitors/dell-monitor-gm1BwxTDA8x9yxLZuO9Wpvir.html?page=2&pos=21&cur_pos=21&ads_per_page=24&ads_count=4939&lid=AEXPGUAYJ76MBqKX&indexPosition=20,Dell Monitor,"KSh 19,000",Refurbished,Dell,"F&F Building, Shop U19, 1st Floor, along Tom Mboya Street, Latema Junction — Nairobi CBD."
https://jiji.co.ke/nairobi-central/computer-monitors/dell-22-inches-monitor-available-kUdO9sf16rknL2qds94RpdVz.html?page=2&pos=24&cur_pos=24&ads_per_page=24&ads_count=4939&lid=AEXPGUAYJ76MBqKX&indexPosition=23,Dell 22 Inches Monitor Available,"KSh 4,000",Refurbished,Dell,Not available
https://jiji.co.ke/nairobi-central/computer-monitors/lenovo-monitor-frM4keyRQ96KwthvfZCvn9a6.html?page=3&pos=1&cur_pos=1&ads_per_page=24&ads_count=4951&lid=8E_8KS5M41H5Ukfh&indexPosition=0,Lenovo Monitor,"KSh 12,000",Refurbished,Lenovo,"F&F Building, Shop U19, 1st Floor, along Tom Mboya Street, Latema Junction — Nairobi CBD."
https://jiji.co.ke/nairobi-central/computer-monitors/dell-22inches-wide-monitor-mTvJLGeMsCQrTjpgjFPjTh6x.html?page=3&pos=4&cur_pos=4&ads_per_page=24&ads_count=4951&lid=8E_8KS5M41H5Ukfh&indexPosition=3,Dell 22inches Wide Monitor,"KSh 6,500",Refurbished,Dell,We are located along Moi Avenue Rahimtulla building (Queens mall ) Ground floor shop no.G7
https://jiji.co.ke/nairobi-central/computer-monitors/lenovo-l24e-40-23-8-fhd-monitor-raven-black-color-490a32iwbXIEDgCiVyn0lQAC.html?page=3&pos=7&cur_pos=7&ads_per_page=24&ads_count=4951&lid=8E_8KS5M41H5Ukfh&indexPosition=6,"Lenovo L24e-40 23.8"" FHD Monitor Raven Black Color","KSh 20,499",Brand New,Lenovo,"Located Kimathi Street, Pioneer Building 4th Flr, Room 4.Next to Nation Centre Opposite Stanbic Bank"
https://jiji.co.ke/nairobi-central/computer-monitors/samsung-ls27c390eamxue-27-curved-led-monitor-319Uen8s0L7TafXjAC4eheOW.html?page=3&pos=10&cur_pos=10&ads_per_page=24&ads_count=4951&lid=8E_8KS5M41H5Ukfh&indexPosition=9,"Samsung (Ls27c390eamxue) 27"" Curved Led Monitor","KSh 31,000",Brand New,Samsung,Not available
https://jiji.co.ke/nairobi-central/computer-monitors/touch-screen-monitor-for-point-of-sale-upHrUfs84Zb7bRHbCWMujiKq.html?page=3&pos=13&cur_pos=13&ads_per_page=24&ads_count=4951&lid=8E_8KS5M41H5Ukfh&indexPosition=12,Touch Screen Monitor for Point of Sale,"KSh 14,500",Brand New,Other,We are located at the junction of Tsavo road and accra road (tea room) benjoe house 2rd floor b17
https://jiji.co.ke/nairobi-central/computer-monitors/hp-m27f-fhd-monitor-7uKXVcSABKVJyd4qQDD7SD0N.html?page=3&pos=16&cur_pos=16&ads_per_page=24&ads_count=4951&lid=8E_8KS5M41H5Ukfh&indexPosition=15,Hp M27f FHD Monitor.,"KSh 29,000",Brand New,HP,We are located along Moi Avenue Rahimtulla building (Queens mall ) Ground floor shop no.G7
https://jiji.co.ke/nairobi-central/computer-monitors/hp-m24fw-24-inch-fhd-1920-x-1080-75hz-anti-glare-monitor-kZkFoZXBKVP5acMTFnSuDctI.html?page=3&pos=19&cur_pos=19&ads_per_page=24&ads_count=4951&lid=8E_8KS5M41H5Ukfh&indexPosition=18,Hp M24fw 24 Inch FHD (1920 X 1080) 75hz Anti-Glare Monitor,"KSh 23,000",Brand New,HP,We are located along Moi Avenue Rahimtulla building (Queens mall ) Ground floor shop no.G7
https://jiji.co.ke/nairobi-central/computer-monitors/samsung-27-inch-cf390-series-curved-monitor-cYqbTkc0BQg4OMYzy9dFN2P2.html?page=3&pos=22&cur_pos=22&ads_per_page=24&ads_count=4951&lid=8E_8KS5M41H5Ukfh&indexPosition=21,Samsung 27 Inch CF390 Series Curved Monitor,"KSh 25,999",Brand New,Samsung,P.O BOX 6991-00500
https://jiji.co.ke/nairobi-central/computer-monitors/dell-monitor-gm1BwxTDA8x9yxLZuO9Wpvir.html?page=3&pos=2&cur_pos=2&ads_per_page=24&ads_count=4951&lid=8E_8KS5M41H5Ukfh&indexPosition=1,Dell Monitor,"KSh 19,000",Refurbished,Dell,"F&F Building, Shop U19, 1st Floor, along Tom Mboya Street, Latema Junction — Nairobi CBD."
https://jiji.co.ke/nairobi-central/computer-monitors/19-inches-tft-screen-monitor-fKmbChNooOLIILHj8hHJeR7q.html?page=3&pos=5&cur_pos=5&ads_per_page=24&ads_count=4951&lid=8E_8KS5M41H5Ukfh&indexPosition=4,19 Inches TFT Screen Monitor,"KSh 4,500",Refurbished,Dell,"Off Luthuli Avenue, Along Kamae Rd, Nyandarua Hse, 2nd Flr, Suite 213."
https://jiji.co.ke/nairobi-central/computer-monitors/samsung-odyssey-g6-27inch-oled-360hz-gaming-monitor-buTaR6GMZl0U95RhMhtKkasU.html?page=3&pos=8&cur_pos=8&ads_per_page=24&ads_count=4951&lid=8E_8KS5M41H5Ukfh&indexPosition=7,Samsung Odyssey G6 27inch Oled 360hz Gaming Monitor,"KSh 130,000",Brand New,Samsung,Rural Urban Credit Finance House tom mboya Street Opposite National Achieves  Shop No C6
https://jiji.co.ke/nairobi-central/computer-monitors/dell-hp-19-inches-monitor-eSlAOdqnaiUxtqncA5eX5Rup.html?page=3&pos=11&cur_pos=11&ads_per_page=24&ads_count=4951&lid=8E_8KS5M41H5Ukfh&indexPosition=10,Dell/Hp 19 Inches Monitor,"KSh 3,500",Refurbished,HP,"4P8J+5P Kianjai, Kenya"
https://jiji.co.ke/nairobi-central/computer-monitors/touch-monitor-15-inch-knVZY5BtsfhT9fJktNB1l6Yx.html?page=3&pos=14&cur_pos=14&ads_per_page=24&ads_count=4951&lid=8E_8KS5M41H5Ukfh&indexPosition=13,Touch Monitor 15 Inch,"KSh 14,500",Brand New,Other,We are located at the junction of Tsavo road and accra road (tea room) benjoe house 2rd floor b17
https://jiji.co.ke/nairobi-central/computer-monitors/touch-screen-hdmi-15-inch-pos-tft-lcd-touchscreen-pos-monitor-mkbpgaA3cOeabctcIpLLXbta.html?page=3&pos=17&cur_pos=17&ads_per_page=24&ads_count=4951&lid=8E_8KS5M41H5Ukfh&indexPosition=16,Touch Screen Hdmi 15-Inch Pos TFT LCD Touchscreen Pos Monitor,"KSh 14,499",Brand New,Other,MFANGANO STREETRWARE BUSINESS CENTRE 4TH FLOOR 404
https://jiji.co.ke/nairobi-central/computer-monitors/lenovo-c27-40-gaming-monitor-27-fhd-A06YnzPoS11gVSAyePzdod5q.html?page=3&pos=20&cur_pos=20&ads_per_page=24&ads_count=4951&lid=8E_8KS5M41H5Ukfh&indexPosition=19,"Lenovo C27-40 Gaming Monitor, 27"" FHD","KSh 28,000",Brand New,Lenovo,Not available
https://jiji.co.ke/nairobi-central/computer-monitors/dell-ultrasharp-32-usb-c-hub-monitor-u3223qe-akmooru7OMcVPU9i1OIkTyIx.html?page=3&pos=23&cur_pos=23&ads_per_page=24&ads_count=4951&lid=8E_8KS5M41H5Ukfh&indexPosition=22,Dell Ultrasharp 32 USB-C Hub Monitor - U3223QE,"KSh 149,999",Brand New,Dell,P.O BOX 6991-00500
https://jiji.co.ke/westlands/computer-monitors/dell-u4919dw-ultrasharp-49-qhd-5120x1440-32-9-curved-monitor-nhnXvDZHQ3fidBVz6dSMogEj.html?page=3&pos=3&cur_pos=3&ads_per_page=24&ads_count=4951&lid=8E_8KS5M41H5Ukfh&indexPosition=2,"Dell U4919dw Ultrasharp 49"" QHD 5120x1440 32:9 Curved Monitor","KSh 249,000",Brand New,Dell,Westlands
https://jiji.co.ke/nairobi-central/computer-monitors/hp-527sh-series-5-27-fhd-monitor-black-color-rK8ItFO3dKLTKedV8b2GvHK5.html?page=3&pos=6&cur_pos=6&ads_per_page=24&ads_count=4951&lid=8E_8KS5M41H5Ukfh&indexPosition=5,"Hp 527sh Series 5 27"" FHD Monitor Black Color","KSh 22,999",Brand New,HP,"Located Kimathi Street, Pioneer Building 4th Flr, Room 4.Next to Nation Centre Opposite Stanbic Bank"
https://jiji.co.ke/nairobi-central/computer-monitors/hp-e24u-g4-24-inch-fhd-touchscreen-ips-frameless-monitor-aJBBggo296eufNIXiuBr20vh.html?page=3&pos=9&cur_pos=9&ads_per_page=24&ads_count=4951&lid=8E_8KS5M41H5Ukfh&indexPosition=8,"Hp E24U G4 24"" Inch FHD Touchscreen IPS Frameless Monitor","KSh 23,499",Brand New,HP,"Located Kimathi Street, Pioneer Building 4th Flr, Room 4.Next to Nation Centre Opposite Stanbic Bank"
https://jiji.co.ke/nairobi-central/computer-monitors/hp-computer-monitor-24-inch-edge-to-edge-fXAinbdcGNqsUJGwBf33lG7Q.html?page=3&pos=12&cur_pos=12&ads_per_page=24&ads_count=4951&lid=8E_8KS5M41H5Ukfh&indexPosition=11,Hp Computer Monitor 24 Inch Edge to Edge,"KSh 12,000",Brand New,HP,MFANGANO STREETRWARE BUSINESS CENTRE 4TH FLOOR 404
https://jiji.co.ke/nairobi-central/computer-monitors/15-touchscreen-monitor-flexible-mounting-sealed-dust-and-liquids-hG7rfMxvfhPlrPhFSKFBMJfZ.html?page=3&pos=15&cur_pos=15&ads_per_page=24&ads_count=4951&lid=8E_8KS5M41H5Ukfh&indexPosition=14,"15"" Touchscreen Monitor Flexible Mounting Sealed , Dust and Liquids","KSh 14,499",Brand New,Other,MFANGANO STREETRWARE BUSINESS CENTRE 4TH FLOOR 404
https://jiji.co.ke/nairobi-central/computer-monitors/hp-p22v-g4-21-5-fhd-monitor-8WONVASMON5LZmMZcMD9hgxG.html?page=3&pos=18&cur_pos=18&ads_per_page=24&ads_count=4951&lid=8E_8KS5M41H5Ukfh&indexPosition=17,"HP P22v G4 21.5"" FHD Monitor","KSh 16,999",Brand New,HP,Not available
https://jiji.co.ke/nairobi-central/computer-monitors/hp-series-5-23-8-inch-fhd-monitor-524sf-fDlcvdHk00qbqymGCQPPYmOc.html?page=3&pos=21&cur_pos=21&ads_per_page=24&ads_count=4951&lid=8E_8KS5M41H5Ukfh&indexPosition=20,HP Series 5 23.8 Inch FHD Monitor - 524sf,"KSh 19,899",Brand New,HP,P.O BOX 6991-00500
https://jiji.co.ke/mombasa-cbd/computer-monitors/24-frameless-benq-monitors-2YbvxQCA6qhZIK2vaStmy1Ib.html?page=3&pos=24&cur_pos=24&ads_per_page=24&ads_count=4951&lid=8E_8KS5M41H5Ukfh&indexPosition=23,"24"" Frameless Benq Monitors","KSh 7,300",Refurbished,BenQ,Not available
https://jiji.co.ke/nairobi-central/computer-monitors/samsung-ls27c390eamxue-27-curved-led-monitor-319Uen8s0L7TafXjAC4eheOW.html?page=4&pos=1&cur_pos=1&ads_per_page=24&ads_count=4838&lid=o6pb9MYNH90y-l-I&indexPosition=0,"Samsung (Ls27c390eamxue) 27"" Curved Led Monitor","KSh 31,000",Brand New,Samsung,Not available
https://jiji.co.ke/nairobi-central/computer-monitors/lenovo-d24-40-24-inch-monitor-black-zpkrdXnxP5irNBWqVnE1ctH0.html?page=4&pos=4&cur_pos=4&ads_per_page=24&ads_count=4838&lid=o6pb9MYNH90y-l-I&indexPosition=3,Lenovo D24-40 24-Inch Monitor - Black,"KSh 21,500",Brand New,Lenovo,Not available
https://jiji.co.ke/mombasa-cbd/computer-monitors/lenovo-desktop-22-monitor-5jjwmnoPahZDWS47YP4cSQBV.html?page=4&pos=7&cur_pos=7&ads_per_page=24&ads_count=4838&lid=o6pb9MYNH90y-l-I&indexPosition=6,"Lenovo Desktop + 22"" Monitor","KSh 15,000",Brand New,Lenovo,Not available
https://jiji.co.ke/nairobi-central/computer-monitors/acer-24-inches-monitor-with-hdmi-port-and-speakers-jSqS6Tsm4AGiI8ZnUO4ACNeL.html?page=4&pos=10&cur_pos=10&ads_per_page=24&ads_count=4838&lid=o6pb9MYNH90y-l-I&indexPosition=9,Acer 24 Inches Monitor With HDMI Port and Speakers,"KSh 8,000",Refurbished,Acer,Not available
https://jiji.co.ke/nairobi-central/computer-monitors/lenovo-s27e-20-27-monitor-s27e-20-27-lenovo-monitor-8jGPQxXNFLWBD9Dcwrnt3P6S.html?page=4&pos=13&cur_pos=13&ads_per_page=24&ads_count=4838&lid=o6pb9MYNH90y-l-I&indexPosition=12,"Lenovo S27e-20 27"" Monitor/ S27e-20 27"" Lenovo Monitor","KSh 29,999",Brand New,Lenovo,Moi Avenue Stanbank House Next to Kenya National Archives Room 718 7th Floor
https://jiji.co.ke/nairobi-central/computer-monitors/samsung-22-monitor-7KYHAlw1q8URSyaLg3Jq1Tc0.html?page=4&pos=16&cur_pos=16&ads_per_page=24&ads_count=4838&lid=o6pb9MYNH90y-l-I&indexPosition=15,"Samsung 22"" Monitor","KSh 6,000",Refurbished,Samsung,Not available
https://jiji.co.ke/nairobi-central/computer-monitors/edge-to-edge-24-inches-monitor-sgbYYwl5bThYa0CIHz8zpYyO.html?page=4&pos=19&cur_pos=19&ads_per_page=24&ads_count=4838&lid=o6pb9MYNH90y-l-I&indexPosition=18,"Edge to Edge 24""Inches Monitor -","KSh 13,999",Brand New,HP,Tsavo road maximum business centre 2 nd floor 38 i
https://jiji.co.ke/nairobi-central/computer-monitors/monitors-for-desktops-BzKAq2NNliZUrmOubF5yQdlI.html?page=4&pos=22&cur_pos=22&ads_per_page=24&ads_count=4838&lid=o6pb9MYNH90y-l-I&indexPosition=21,Monitors for Desktops,"KSh 3,000",Refurbished,HP,imenti house along Tom Mboya street opposite dominion
https://jiji.co.ke/nairobi-central/computer-monitors/15-inch-touch-screen-monitor-for-pos-naSHe2ZcI4lZSFjdjGPIirV6.html?page=4&pos=2&cur_pos=2&ads_per_page=24&ads_count=4838&lid=o6pb9MYNH90y-l-I&indexPosition=1,15 Inch Touch Screen Monitor for Pos,"KSh 14,500",Brand New,Other,Tomk Mboya Street Rasumal House Shop 2 Next To Dominion Centre
https://jiji.co.ke/nairobi-central/computer-monitors/samsung-a700-series-27-inch-uhd-monitor-ips-panel-rGNmACuhq1x8S6ERsdFPmQAq.html?page=4&pos=5&cur_pos=5&ads_per_page=24&ads_count=4838&lid=o6pb9MYNH90y-l-I&indexPosition=4,"SAMSUNG A700 Series 27 Inch UHD Monitor, IPS Panel","KSh 42,500",Brand New,Samsung,Not available
https://jiji.co.ke/nairobi-central/computer-monitors/hp-series-5-27-inch-fhd-monitor-527sf-27inch-kUK75t0YoUgqL2v46JydzngN.html?page=4&pos=8&cur_pos=8&ads_per_page=24&ads_count=4838&lid=o6pb9MYNH90y-l-I&indexPosition=7,"Hp Series 5 27 Inch FHD Monitor - 527sf, 27inch","KSh 22,999",Brand New,HP,Not available
https://jiji.co.ke/nairobi-central/computer-monitors/hp-527sf-series-27-fhd-monitor-fLnZki8T9h1f36RbiVdjQTU1.html?page=4&pos=11&cur_pos=11&ads_per_page=24&ads_count=4838&lid=o6pb9MYNH90y-l-I&indexPosition=10,Hp 527SF Series 27 FHD Monitor,"KSh 26,999",Brand New,HP,"4P8J+5P Kianjai, Kenya"
https://jiji.co.ke/nairobi-central/computer-monitors/hp-m24f-24-ultra-slim-monitor-aaahdEWRSQwj8aqlgJDOB0P0.html?page=4&pos=14&cur_pos=14&ads_per_page=24&ads_count=4838&lid=o6pb9MYNH90y-l-I&indexPosition=13,HP M24F 24′′ Ultra Slim Monitor,"KSh 15,000",Refurbished,HP,"TOM MBOYA street,RASUMAL BUILDING,opp imenti hse"
https://jiji.co.ke/nairobi-central/computer-monitors/hp-527sa-series-5-27-inch-monitor-with-speakers-527sa-u5aAzwk7QNQKOWsG11pfcuPl.html?page=4&pos=17&cur_pos=17&ads_per_page=24&ads_count=4838&lid=o6pb9MYNH90y-l-I&indexPosition=16,Hp 527sa Series 5 27 Inch Monitor With Speakers // 527sa,"KSh 19,862",Brand New,HP,Kimathi Street
https://jiji.co.ke/nairobi-central/computer-monitors/lenovo-thinkvision-s27i-30-27-fhd-monitor-ldM72iMbT3lzbcqvIpvKSK1N.html?page=4&pos=20&cur_pos=20&ads_per_page=24&ads_count=4838&lid=o6pb9MYNH90y-l-I&indexPosition=19,"Lenovo Thinkvision S27i-30 27"" FHD Monitor,","KSh 20,000",Brand New,Lenovo,Kimathi Street
https://jiji.co.ke/nairobi-central/computer-monitors/hp-527sf-series-5-27-fhd-monitor-black-color-coOYL99sjz0MMV3DsaarY5Xi.html?page=4&pos=23&cur_pos=23&ads_per_page=24&ads_count=4838&lid=o6pb9MYNH90y-l-I&indexPosition=22,"Hp 527sf Series 5 27"" FHD Monitor, Black Color,","KSh 23,849",Brand New,HP,Kimathi Street
https://jiji.co.ke/nairobi-central/computer-monitors/samsung-odyssey-g3-ls27ag300nmxue-flat-gaming-monitor-27-9QPK0txQc7bGuuuckJGeaIh3.html?page=4&pos=3&cur_pos=3&ads_per_page=24&ads_count=4838&lid=o6pb9MYNH90y-l-I&indexPosition=2,Samsung Odyssey G3 LS27AG300NMXUE Flat Gaming Monitor 27'',"KSh 34,000",Brand New,Samsung,Not available
https://jiji.co.ke/nairobi-central/computer-monitors/lenovo-d24-40-24-inch-monitor-mfYGIr70gng7PeXGo7q4ATC6.html?page=4&pos=6&cur_pos=6&ads_per_page=24&ads_count=4838&lid=o6pb9MYNH90y-l-I&indexPosition=5,Lenovo D24-40 24-Inch Monitor,"KSh 21,499",Brand New,Alienware,Not available
https://jiji.co.ke/nairobi-central/computer-monitors/15-inch-touch-screen-monitor-for-pos-system-and-business-use-iF86FwtFMjzRniMeQzyn2R4k.html?page=4&pos=9&cur_pos=9&ads_per_page=24&ads_count=4838&lid=o6pb9MYNH90y-l-I&indexPosition=8,15 Inch Touch Screen Monitor for Pos System and Business Use,"KSh 13,999",Brand New,Other,Not available
https://jiji.co.ke/nairobi-central/computer-monitors/v2-com-15-6-inch-laptop-screen-extender-monitor-s6-p7vKg8KnRmUPNIXI9LotcgQp.html?page=4&pos=12&cur_pos=12&ads_per_page=24&ads_count=4838&lid=o6pb9MYNH90y-l-I&indexPosition=11,"V2 Com 15.6"" Inch Laptop Screen Extender Monitor-S6","KSh 47,999",Brand New,Other,"4P8J+5P Kianjai, Kenya"
https://jiji.co.ke/nairobi-central/computer-monitors/24-inches-monitor-in-good-condition-p2UlNg4zOXArVqCANCfdhaku.html?page=4&pos=15&cur_pos=15&ads_per_page=24&ads_count=4838&lid=o6pb9MYNH90y-l-I&indexPosition=14,24 Inches Monitor in Good Condition,"KSh 8,500",Refurbished,Other,"5 Accra Rd, Nairobi, Kenya"
https://jiji.co.ke/nairobi-central/computer-monitors/monitor-dell-5D9amOv3hi33zxF30mv36uxE.html?page=4&pos=18&cur_pos=18&ads_per_page=24&ads_count=4838&lid=o6pb9MYNH90y-l-I&indexPosition=17,Monitor Dell,"KSh 3,500",Refurbished,Dell,Not available
https://jiji.co.ke/nairobi-central/computer-monitors/hp-524sw-series-5-23-8-fhd-monitor-oQbkpvlz2IB3j81CxDZsUUCd.html?page=4&pos=21&cur_pos=21&ads_per_page=24&ads_count=4838&lid=o6pb9MYNH90y-l-I&indexPosition=20,HP 524sw Series 5 23.8′′ FHD Monitor,"KSh 19,900",Brand New,HP,Moi Avenue Stanbank House Next to Kenya National Archives Room 718 7th Floor
https://jiji.co.ke/nairobi-central/computer-monitors/24-inches-dell-monitor-display-vgaanf-dvi-ports-yKCn5ataI7L16r4add8F5BKn.html?page=4&pos=24&cur_pos=24&ads_per_page=24&ads_count=4838&lid=o6pb9MYNH90y-l-I&indexPosition=23,"24 Inches Dell Monitor Display,Vgaanf Dvi Ports","KSh 6,500",Refurbished,Dell,imenti house along Tom Mboya street opposite dominion
https://jiji.co.ke/nairobi-central/computer-monitors/hp-x27c-fhd-gaming-curved-monitor-part-number-u593ZzYXfB3Yj7iODbGteAra.html?page=5&pos=1&cur_pos=1&ads_per_page=24&ads_count=4838&lid=ZFsxoQTyhBGwOJdF&indexPosition=0,*Hp X27c FHD Gaming Curved Monitor* *Part Number ;,"KSh 44,999",Brand New,HP,Tsavo road maximum business centre 2 nd floor 38 i
https://jiji.co.ke/nairobi-central/computer-monitors/monitors-for-desktops-BzKAq2NNliZUrmOubF5yQdlI.html?page=5&pos=4&cur_pos=4&ads_per_page=24&ads_count=4838&lid=ZFsxoQTyhBGwOJdF&indexPosition=3,Monitors for Desktops,"KSh 3,000",Refurbished,HP,imenti house along Tom Mboya street opposite dominion
https://jiji.co.ke/nairobi-central/computer-monitors/hp-527sf-series-5-27-fhd-monitor-black-color-coOYL99sjz0MMV3DsaarY5Xi.html?page=5&pos=7&cur_pos=7&ads_per_page=24&ads_count=4838&lid=ZFsxoQTyhBGwOJdF&indexPosition=6,"Hp 527sf Series 5 27"" FHD Monitor, Black Color,","KSh 23,849",Brand New,HP,Kimathi Street
https://jiji.co.ke/westlands/computer-monitors/dell-ultrasharp-27-4kuhd-usb-c-hub-monitor-u2723qe-uaa1mfRXICh4paF5qNHqZK8x.html?page=5&pos=10&cur_pos=10&ads_per_page=24&ads_count=4838&lid=ZFsxoQTyhBGwOJdF&indexPosition=9,Dell Ultrasharp 27 4kuhd Usb-C Hub Monitor - U2723qe,"KSh 129,999",Brand New,Dell,Westlands
https://jiji.co.ke/nairobi-central/computer-monitors/acer-edge-to-edge-monitor-sfXDeROvWAuABiEaTFa0t678.html?page=5&pos=13&cur_pos=13&ads_per_page=24&ads_count=4838&lid=ZFsxoQTyhBGwOJdF&indexPosition=12,Acer Edge to Edge Monitor,"KSh 13,000",Refurbished,Acer,Tom Mboya St. at RASUMALHouse First Floor Shop No.11 directly  Opposite Imenti House.
https://jiji.co.ke/nairobi-central/computer-monitors/samsung-27-essential-curved-monitor-lc27f390fhmxue-q4VsLfMDWnuzba2SwKjXncVO.html?page=5&pos=16&cur_pos=16&ads_per_page=24&ads_count=4838&lid=ZFsxoQTyhBGwOJdF&indexPosition=15,Samsung 27'' Essential Curved Monitor(LC27F390FHMXUE),"KSh 26,999",Brand New,Samsung,Old Mutual Building 3rd Floor Room 335 along Kimathi street
https://jiji.co.ke/nairobi-central/computer-monitors/new-17-inch-touch-screen-pos-monitor-15-inch-touch-screen-pos-eQnXctr3VWWUHpgmEruzIpXN.html?page=5&pos=19&cur_pos=19&ads_per_page=24&ads_count=4838&lid=ZFsxoQTyhBGwOJdF&indexPosition=18,New 17 Inch Touch Screen Pos Monitor 15 Inch Touch Screen Pos,"KSh 38,500",Brand New,Other,Not available
https://jiji.co.ke/nairobi-central/computer-monitors/hp-series-3-pro-27-inch-fhd-monitor-327pf-xo1qclPZbb2GeNFmmWYqVVrf.html?page=5&pos=22&cur_pos=22&ads_per_page=24&ads_count=4838&lid=ZFsxoQTyhBGwOJdF&indexPosition=21,HP Series 3 Pro 27 Inch FHD Monitor - 327pf,"KSh 24,999",Brand New,HP,TURKANA BUSINESS CENTER 1st FLOOR Shop A15 Moi avenue just few meters from MKU Tower.
https://jiji.co.ke/nairobi-central/computer-monitors/edge-to-edge-24-inches-monitor-sgbYYwl5bThYa0CIHz8zpYyO.html?page=5&pos=2&cur_pos=2&ads_per_page=24&ads_count=4838&lid=ZFsxoQTyhBGwOJdF&indexPosition=1,"Edge to Edge 24""Inches Monitor -","KSh 13,999",Brand New,HP,Tsavo road maximum business centre 2 nd floor 38 i
https://jiji.co.ke/nairobi-central/computer-monitors/hp-524sw-series-5-23-8-fhd-monitor-oQbkpvlz2IB3j81CxDZsUUCd.html?page=5&pos=5&cur_pos=5&ads_per_page=24&ads_count=4838&lid=ZFsxoQTyhBGwOJdF&indexPosition=4,HP 524sw Series 5 23.8′′ FHD Monitor,"KSh 19,900",Brand New,HP,Moi Avenue Stanbank House Next to Kenya National Archives Room 718 7th Floor
https://jiji.co.ke/nairobi-central/computer-monitors/samsung-32-essential-s3-100hz-full-hd-monitor-A7xf82rqKokx1fOIbnG7mE8b.html?page=5&pos=8&cur_pos=8&ads_per_page=24&ads_count=4838&lid=ZFsxoQTyhBGwOJdF&indexPosition=7,"Samsung 32"" Essential S3 100hz Full Hd Monitor","KSh 32,000",Brand New,Samsung,Rural Urban Credit Finance House tom mboya Street Opposite National Achieves  Shop No C6
https://jiji.co.ke/nairobi-central/computer-monitors/24-edge-to-edge-full-hd-wide-monitor-with-hdmi-port-feyPoaCLdmurauEcR5dJc7Bz.html?page=5&pos=11&cur_pos=11&ads_per_page=24&ads_count=4838&lid=ZFsxoQTyhBGwOJdF&indexPosition=10,"24"" Edge to Edge Full HD Wide Monitor With HDMI Port","KSh 13,000",Refurbished,Other,Tom Mboya St. at RASUMALHouse First Floor Shop No.11 directly  Opposite Imenti House.
https://jiji.co.ke/nairobi-central/computer-monitors/hp-v22vb-21-5-fhd-monitor-peQaQqpRE8IiNXpm2dhlRm2h.html?page=5&pos=14&cur_pos=14&ads_per_page=24&ads_count=4838&lid=ZFsxoQTyhBGwOJdF&indexPosition=13,HP V22vb 21.5′′ FHD Monitor,"KSh 15,999",Brand New,HP,Old Mutual Building 3rd Floor Room 335 along Kimathi street
https://jiji.co.ke/nairobi-central/computer-monitors/hp-m24fwa-23-8-in-fhd-ips-led-backlit-monitor-fGzmQhBdE8BqqtGhN4Kzpsvb.html?page=5&pos=17&cur_pos=17&ads_per_page=24&ads_count=4838&lid=ZFsxoQTyhBGwOJdF&indexPosition=16,HP M24fwa 23.8-in FHD IPS LED Backlit Monitor,"KSh 24,499",Brand New,HP,Old Mutual Building 3rd Floor Room 335 along Kimathi street
https://jiji.co.ke/viwandani-makadara/computer-monitors/hp-series-5-527sf-monitor-s5xXiHFZZBgAElL4fKcCfUNX.html?page=5&pos=20&cur_pos=20&ads_per_page=24&ads_count=4838&lid=ZFsxoQTyhBGwOJdF&indexPosition=19,Hp Series 5 527sf Monitor,"KSh 23,500",Brand New,HP,vision plaza mombasa road
https://jiji.co.ke/nairobi-central/computer-monitors/hp-series-3-pro-27-inch-fhd-monitor-327pe-ndghJHPf7NU2cY0iG1YbcISB.html?page=5&pos=23&cur_pos=23&ads_per_page=24&ads_count=4838&lid=ZFsxoQTyhBGwOJdF&indexPosition=22,HP Series 3 Pro 27 Inch FHD Monitor- 327pe,"KSh 26,999",Brand New,HP,TURKANA BUSINESS CENTER 1st FLOOR Shop A15 Moi avenue just few meters from MKU Tower.
https://jiji.co.ke/nairobi-central/computer-monitors/lenovo-thinkvision-s27i-30-27-fhd-monitor-ldM72iMbT3lzbcqvIpvKSK1N.html?page=5&pos=3&cur_pos=3&ads_per_page=24&ads_count=4838&lid=ZFsxoQTyhBGwOJdF&indexPosition=2,"Lenovo Thinkvision S27i-30 27"" FHD Monitor,","KSh 20,000",Brand New,Lenovo,Kimathi Street
https://jiji.co.ke/nairobi-central/computer-monitors/hp-e240-monitor-24-inches-f7nN4Kt38zxYxfVnN5fygfu7.html?page=5&pos=6&cur_pos=6&ads_per_page=24&ads_count=4838&lid=ZFsxoQTyhBGwOJdF&indexPosition=5,HP E240 Monitor 24 Inches,"KSh 7,500",Refurbished,HP,imenti house along Tom Mboya street opposite dominion
https://jiji.co.ke/nairobi-central/computer-monitors/24-inches-monitor-available-8qbcGJX06FShXqf4ayubljRR.html?page=5&pos=9&cur_pos=9&ads_per_page=24&ads_count=4838&lid=ZFsxoQTyhBGwOJdF&indexPosition=8,24 Inches Monitor Available,"KSh 11,500",Brand New,Other,Tsavo road maximum business centre 2 nd floor 38 i
https://jiji.co.ke/nairobi-central/computer-monitors/hdmi-15-inch-pos-tft-lcd-touchscreen-pos-monitor-dSxTB5dCXAb7CeNneEs8Sq54.html?page=5&pos=12&cur_pos=12&ads_per_page=24&ads_count=4838&lid=ZFsxoQTyhBGwOJdF&indexPosition=11,Hdmi 15-Inch Pos TFT LCD Touchscreen Pos Monitor,"KSh 13,999",Brand New,Other,Not available
https://jiji.co.ke/nairobi-central/computer-monitors/19-inches-stretch-monitors-ziwOXVrb4ckbEKq64IrV1xzO.html?page=5&pos=15&cur_pos=15&ads_per_page=24&ads_count=4838&lid=ZFsxoQTyhBGwOJdF&indexPosition=14,19 Inches Stretch Monitors,"KSh 3,200",Brand New,Other,"5 Accra Rd, Nairobi, Kenya"
https://jiji.co.ke/viwandani-makadara/computer-monitors/hp-series-5527-sf-monitor-27-tuh9EHiY2qERFvWldoXoiU7n.html?page=5&pos=18&cur_pos=18&ads_per_page=24&ads_count=4838&lid=ZFsxoQTyhBGwOJdF&indexPosition=17,"Hp Series 5527 Sf Monitor 27""","KSh 23,500",Brand New,HP,vision plaza mombasa road
https://jiji.co.ke/nairobi-central/computer-monitors/hp-series-3-pro-27-inch-fhd-monitor-327pe-tL5oqJcbswkcpggsHl72diJq.html?page=5&pos=21&cur_pos=21&ads_per_page=24&ads_count=4838&lid=ZFsxoQTyhBGwOJdF&indexPosition=20,HP Series 3 Pro 27 Inch FHD Monitor- 327pe,"KSh 26,999",Brand New,HP,TURKANA BUSINESS CENTER 1st FLOOR Shop A15 Moi avenue just few meters from MKU Tower.
https://jiji.co.ke/nairobi-central/computer-monitors/hp-p22h-g4-22-inch-monitor-edge-to-edge-22-inch-monitor-full-hDpIz9K0v6ba3hVw9Oqnjdry.html?page=5&pos=24&cur_pos=24&ads_per_page=24&ads_count=4838&lid=ZFsxoQTyhBGwOJdF&indexPosition=23,"HP P22h G4 22 Inch Monitor Edge to Edge
22 Inch Monitor
Full","KSh 9,100",Refurbished,HP,Not available
https://jiji.co.ke/nairobi-central/computer-monitors/hp-series-3-pro-27-inch-fhd-monitor-327pe-ndghJHPf7NU2cY0iG1YbcISB.html?page=6&pos=1&cur_pos=1&ads_per_page=24&ads_count=4838&lid=u_CLjXklS6EEpYBl&indexPosition=0,HP Series 3 Pro 27 Inch FHD Monitor- 327pe,"KSh 26,999",Brand New,HP,TURKANA BUSINESS CENTER 1st FLOOR Shop A15 Moi avenue just few meters from MKU Tower.
https://jiji.co.ke/nairobi-central/computer-monitors/hp-p22h-g4-22-inch-monitor-edge-to-edge-22-inch-monitor-full-hDpIz9K0v6ba3hVw9Oqnjdry.html?page=6&pos=4&cur_pos=4&ads_per_page=24&ads_count=4838&lid=u_CLjXklS6EEpYBl&indexPosition=3,"HP P22h G4 22 Inch Monitor Edge to Edge
22 Inch Monitor
Full","KSh 9,100",Refurbished,HP,Not available
https://jiji.co.ke/nairobi-central/computer-monitors/lenovo-d19-10-18-5-hd-monitor-black-color-8ucoKsUXgUVZWtRIZhbVoStx.html?page=6&pos=7&cur_pos=7&ads_per_page=24&ads_count=4838&lid=u_CLjXklS6EEpYBl&indexPosition=6,"""Lenovo D19-10 18.5"""" HD Monitor, Black Color,","KSh 11,000",Brand New,Lenovo,13965
https://jiji.co.ke/nairobi-central/computer-monitors/lenovo-thinkvision-p25i-30-24-5-fhd-monitor-i5zELegeu3wckU9S4T5477EI.html?page=6&pos=10&cur_pos=10&ads_per_page=24&ads_count=4838&lid=u_CLjXklS6EEpYBl&indexPosition=9,"Lenovo ThinkVision P25i-30 24.5"""" FHD Monitor","KSh 29,500",Brand New,Lenovo,13965
https://jiji.co.ke/nairobi-central/computer-monitors/hp-24inch-monitor-model-e243-1080p-iq11ZYs3fCWuqZ0SAcvMu1Hg.html?page=6&pos=13&cur_pos=13&ads_per_page=24&ads_count=4838&lid=u_CLjXklS6EEpYBl&indexPosition=12,Hp 24inch Monitor  Model: E243  1080p,"KSh 12,000",Refurbished,HP,Location: Along Tom mboya street  Opposite  Fire Station Pioneer Tom mboya street 3rd floor  room 30
https://jiji.co.ke/nairobi-central/computer-monitors/hp-z24u-g3-24-inch-usb-c-widescreen-led-lcd-monitor-sBjp24dJ9G9OLWHV8a5IdpFJ.html?page=6&pos=16&cur_pos=16&ads_per_page=24&ads_count=4838&lid=u_CLjXklS6EEpYBl&indexPosition=15,Hp Z24u G3 24 Inch Usb-c Widescreen Led Lcd Monitor,"KSh 23,499",Refurbished,HP,Rahimtulla trust building first floor shop 12 along moi avenue opposite Bihi towers
https://jiji.co.ke/nairobi-central/computer-monitors/hp-23-inches-tft-monitors-C6NaXkpocSkFeUF4H1hLC6Oq.html?page=6&pos=19&cur_pos=19&ads_per_page=24&ads_count=4838&lid=u_CLjXklS6EEpYBl&indexPosition=18,Hp 23 Inches TFT Monitors,"KSh 14,500",Refurbished,HP,Not available
https://jiji.co.ke/nairobi-central/computer-monitors/hp-527sf-series-5-27-fhd-monitor-black-color-xceqTwZ0HRt4yfVzz1WHNtxH.html?page=6&pos=22&cur_pos=22&ads_per_page=24&ads_count=4838&lid=u_CLjXklS6EEpYBl&indexPosition=21,"Hp 527sf Series 5 27"" FHD Monitor, Black Color","KSh 25,499",Brand New,HP,"Located Kimathi Street, Pioneer Building 4th Flr, Room 4.Next to Nation Centre Opposite Stanbic Bank"
https://jiji.co.ke/nairobi-central/computer-monitors/dell-c2423h-24-inch-monitor-edge-to-edge-full-hd-webcam-xj0wQ68EtIHoH4Ma44TciJxX.html?page=6&pos=2&cur_pos=2&ads_per_page=24&ads_count=4838&lid=u_CLjXklS6EEpYBl&indexPosition=1,"Dell C2423H
24 Inch Monitor Edge to Edge 
Full Hd Webcam","KSh 14,999",Refurbished,Dell,Not available
https://jiji.co.ke/nairobi-central/computer-monitors/lenovo-thinkvision-e24-40-23-8-fhd-monitor-oClZ1DvntWva4Ev59seWDu7z.html?page=6&pos=5&cur_pos=5&ads_per_page=24&ads_count=4838&lid=u_CLjXklS6EEpYBl&indexPosition=4,"Lenovo ThinkVision E24-40 23.8"""" FHD Monitor","KSh 21,000",Brand New,Lenovo,13965
https://jiji.co.ke/nairobi-central/computer-monitors/hp-20inch-monitor-nAnA5MvmdV5FgvbLgYuEDS6X.html?page=6&pos=8&cur_pos=8&ads_per_page=24&ads_count=4838&lid=u_CLjXklS6EEpYBl&indexPosition=7,Hp 20inch Monitor,"KSh 6,000",Refurbished,HP,Not available
https://jiji.co.ke/nairobi-central/computer-monitors/lg-34cb99-34-inches-curved-monitor-wqhd-3440x1440-resolution-2hdmi-eXptaooOezMLmaDjhZB8o6FH.html?page=6&pos=11&cur_pos=11&ads_per_page=24&ads_count=4838&lid=u_CLjXklS6EEpYBl&indexPosition=10,"LG 34CB99 34 Inches Curved Monitor,WQHD 3440×1440 Resolution 2HDMI","KSh 43,999",Refurbished,LG,Location: Along Tom mboya street  Opposite  Fire Station Pioneer Tom mboya street 3rd floor  room 30
https://jiji.co.ke/nairobi-central/computer-monitors/hp-display-monitors-utrES6YYzhGkoL97uwQi0waZ.html?page=6&pos=14&cur_pos=14&ads_per_page=24&ads_count=4838&lid=u_CLjXklS6EEpYBl&indexPosition=13,HP Display Monitors,"KSh 5,500",Refurbished,HP,Not available
https://jiji.co.ke/nairobi-central/computer-monitors/dell-monitor-gm1BwxTDA8x9yxLZuO9Wpvir.html?page=6&pos=17&cur_pos=17&ads_per_page=24&ads_count=4838&lid=u_CLjXklS6EEpYBl&indexPosition=16,Dell Monitor,"KSh 19,000",Refurbished,Dell,"F&F Building, Shop U19, 1st Floor, along Tom Mboya Street, Latema Junction — Nairobi CBD."
https://jiji.co.ke/nairobi-central/computer-monitors/samsung-viewfinity-s8-32-uhd-hdr-usb-c-monitor-iTjsoANtBLATGQkpyfoWTtut.html?page=6&pos=20&cur_pos=20&ads_per_page=24&ads_count=4838&lid=u_CLjXklS6EEpYBl&indexPosition=19,"Samsung Viewfinity S8 32"" Uhd HDR Usb-C Monitor","KSh 56,999",Brand New,Samsung,"Located Kimathi Street, Pioneer Building 4th Flr, Room 4.Next to Nation Centre Opposite Stanbic Bank"
https://jiji.co.ke/nairobi-central/computer-monitors/dell-ultrasharp-u2520d-25-inch-2560x1440-pixels-qhd-monitor-dD9ijKBQ49tS9Ar9BQy7ViQu.html?page=6&pos=23&cur_pos=23&ads_per_page=24&ads_count=4838&lid=u_CLjXklS6EEpYBl&indexPosition=22,Dell Ultrasharp U2520d 25-Inch 2560x1440 Pixels QHD Monitor,"KSh 15,499",Refurbished,Dell,Rahimtulla trust building first floor shop 12 along moi avenue opposite Bihi towers
https://jiji.co.ke/nairobi-central/computer-monitors/hp-v28-28-inch-monitor-display-3840-2160-60-hz-2-hdmi-nu6KNXtqoC7pRSVwDOEDfvUQ.html?page=6&pos=3&cur_pos=3&ads_per_page=24&ads_count=4838&lid=u_CLjXklS6EEpYBl&indexPosition=2,"Hp V28 
28 Inch Monitor 
 Display (3840*2160)
60 Hz
2 Hdmi","KSh 23,000",Refurbished,HP,Not available
https://jiji.co.ke/nairobi-central/computer-monitors/hp-monitor-22inch-slim-fjCwtPpVFmI736ptHvVX2uyg.html?page=6&pos=6&cur_pos=6&ads_per_page=24&ads_count=4838&lid=u_CLjXklS6EEpYBl&indexPosition=5,Hp Monitor 22inch Slim,"KSh 7,000",Refurbished,HP,Not available
https://jiji.co.ke/nairobi-central/computer-monitors/hp-e27-g5-monitor-kv1etBqyjfY3dY6fLvSYj4U2.html?page=6&pos=9&cur_pos=9&ads_per_page=24&ads_count=4838&lid=u_CLjXklS6EEpYBl&indexPosition=8,Hp E27 G5 Monitor,"KSh 23,000",Refurbished,HP,Not available
https://jiji.co.ke/nairobi-central/computer-monitors/lenovo-thinkvision-t24v-10-monitor-vga-hdmi-display-port-full-hd-60-hz-s4JOAks4stm5MIDhD46l4SB6.html?page=6&pos=12&cur_pos=12&ads_per_page=24&ads_count=4838&lid=u_CLjXklS6EEpYBl&indexPosition=11,"Lenovo Thinkvision T24v-10 Monitor Vga/Hdmi/Display Port
Full Hd
60 Hz","KSh 13,000",Refurbished,Lenovo,Location: Along Tom mboya street  Opposite  Fire Station Pioneer Tom mboya street 3rd floor  room 30
https://jiji.co.ke/nairobi-central/computer-monitors/24-dell-wide-tft-monitor-7OLJ7hBEu8XNWDBxSYbd7j1B.html?page=6&pos=15&cur_pos=15&ads_per_page=24&ads_count=4838&lid=u_CLjXklS6EEpYBl&indexPosition=14,"24"" Dell Wide TFT Monitor","KSh 9,000",Refurbished,Dell,"F&F Building, Shop U19, 1st Floor, along Tom Mboya Street, Latema Junction — Nairobi CBD."
https://jiji.co.ke/nairobi-central/computer-monitors/hp-527sf-series-5-monitor-xiH5rgJeqi96hKfUO3UtIpWb.html?page=6&pos=18&cur_pos=18&ads_per_page=24&ads_count=4838&lid=u_CLjXklS6EEpYBl&indexPosition=17,Hp 527sf Series 5 Monitor,"KSh 24,000",Brand New,HP,"F&F Building, Shop U19, 1st Floor, along Tom Mboya Street, Latema Junction — Nairobi CBD."
https://jiji.co.ke/nairobi-central/computer-monitors/hp-m27f-hp-monitor-m27f-m-27f-monitor-m27f-pmJGPKsYgIYxeTk4ZwKxBUbm.html?page=6&pos=21&cur_pos=21&ads_per_page=24&ads_count=4838&lid=u_CLjXklS6EEpYBl&indexPosition=20,Hp M27f/ Hp Monitor! M27F M 27f Monitor //M27f,"KSh 22,499",Brand New,HP,"Located Kimathi Street, Pioneer Building 4th Flr, Room 4.Next to Nation Centre Opposite Stanbic Bank"
https://jiji.co.ke/nairobi-central/computer-monitors/refurb-24-inch-hp-edge-to-edge-monitor-n8n9gU8nKL4ZUGVfJKMwsgFy.html?page=6&pos=24&cur_pos=24&ads_per_page=24&ads_count=4838&lid=u_CLjXklS6EEpYBl&indexPosition=23,Refurb 24 Inch Hp Edge to Edge Monitor,"KSh 11,999",Refurbished,HP,MFANGANO STREETRWARE BUSINESS CENTRE 4TH FLOOR 404
https://jiji.co.ke/nairobi-central/computer-monitors/hp-e24-g4-24-fhd-ips-eye-ease-monitor-v8DCTy3TnUAMH5NpPumnmOLH.html?page=7&pos=1&cur_pos=1&ads_per_page=24&ads_count=4838&lid=8w0GWnDhnRCeS0gg&indexPosition=0,Hp E24 G4 24 Fhd Ips Eye Ease Monitor,"KSh 9,500",Refurbished,HP,Rahimtulla trust building first floor shop 12 along moi avenue opposite Bihi towers
https://jiji.co.ke/nairobi-central/computer-monitors/best-office-hp-monitor-24-inch-edge-to-edge-hdmi-port-vga-aIT1y0ip7Mn1WvydAwBFcoA3.html?page=7&pos=4&cur_pos=4&ads_per_page=24&ads_count=4838&lid=8w0GWnDhnRCeS0gg&indexPosition=3,Best Office Hp Monitor 24 Inch Edge to Edge Hdmi Port Vga,"KSh 11,999",Refurbished,HP,MFANGANO STREETRWARE BUSINESS CENTRE 4TH FLOOR 404
https://jiji.co.ke/nairobi-central/computer-monitors/dahua-dhi-lm27-c200-fhd-led-monitor-27-inch-75hz-BrQtRlhk3L2zTs2AkSyzimzM.html?page=7&pos=7&cur_pos=7&ads_per_page=24&ads_count=4838&lid=8w0GWnDhnRCeS0gg&indexPosition=6,Dahua DHI-LM27-C200 FHD LED Monitor 27 Inch 75hz,"KSh 21,999",Brand New,Other,P.O BOX 6991-00500
https://jiji.co.ke/nairobi-central/computer-monitors/dell-p2219h-monitor-eR4pPJvN6FH210EcEFfcP1O5.html?page=7&pos=10&cur_pos=10&ads_per_page=24&ads_count=4838&lid=8w0GWnDhnRCeS0gg&indexPosition=9,Dell P2219h Monitor,"KSh 11,999",Refurbished,Dell,P.O BOX 6991-00500
https://jiji.co.ke/nairobi-central/computer-monitors/dahua-u401a-27-monitor-r3KV0etVaqAUnM8HtjNjQUnM.html?page=7&pos=13&cur_pos=13&ads_per_page=24&ads_count=4838&lid=8w0GWnDhnRCeS0gg&indexPosition=12,"Dahua U401A 27"" Monitor","KSh 40,000",Brand New,Dahua,Not available
https://jiji.co.ke/nairobi-central/computer-monitors/brand-new-hp-monitor-20-kGY1hSMlfFnrqvlPD8WOvifI.html?page=7&pos=16&cur_pos=16&ads_per_page=24&ads_count=4838&lid=8w0GWnDhnRCeS0gg&indexPosition=15,"Brand New Hp Monitor 20""","KSh 16,200",Brand New,HP,We are located along Moi Avenue Rahimtulla building (Queens mall ) Ground floor shop no.G7
https://jiji.co.ke/mombasa-cbd/computer-monitors/24-frameless-monitor-BiYa58m2ksGL4HwKL83F7de.html?page=7&pos=19&cur_pos=19&ads_per_page=24&ads_count=4838&lid=8w0GWnDhnRCeS0gg&indexPosition=18,"24"" Frameless Monitor","KSh 9,500",Refurbished,Dell,Not available
https://jiji.co.ke/nairobi-central/computer-monitors/19-inches-dell-stretched-monitor-s0CYXiSyP9W2jVFHQ6l49DE.html?page=7&pos=22&cur_pos=22&ads_per_page=24&ads_count=4838&lid=8w0GWnDhnRCeS0gg&indexPosition=21,19 Inches Dell Stretched Monitor,"KSh 3,500",Refurbished,Dell,Not available
https://jiji.co.ke/nairobi-central/computer-monitors/24-inch-acer-monitor-hxoB6GUanK4XW2pJ4lR7wv2V.html?page=7&pos=2&cur_pos=2&ads_per_page=24&ads_count=4838&lid=8w0GWnDhnRCeS0gg&indexPosition=1,24 Inch Acer Monitor,"KSh 7,500",Refurbished,Acer,Old Nation House 1st Floor shop A14 Tom Mboya Street Opposite Fire station
https://jiji.co.ke/nairobi-central/computer-monitors/dell-27-inches-frameless-monitor-jFgziYEwF5HaM7fucIMyOaDs.html?page=7&pos=5&cur_pos=5&ads_per_page=24&ads_count=4838&lid=8w0GWnDhnRCeS0gg&indexPosition=4,Dell 27 Inches Frameless Monitor,"KSh 20,022",Refurbished,Dell,Old Nation House 1st Floor shop A14 Tom Mboya Street Opposite Fire station
https://jiji.co.ke/nairobi-central/computer-monitors/atomos-sumo19-se-19-inch-hdr-pro-cinema-monitor-record-switc-lk0mi3lzL5NEyygjsTJicv5J.html?page=7&pos=8&cur_pos=8&ads_per_page=24&ads_count=4838&lid=8w0GWnDhnRCeS0gg&indexPosition=7,Atomos Sumo19 SE 19-Inch HDR Pro/Cinema Monitor-Record-Switc,"KSh 294,000",Brand New,Atomos Sumo,Not available
https://jiji.co.ke/nairobi-central/computer-monitors/dell-p2422h-23-8-widescreen-ips-fhd-monitor-2X3lfzUJceg9SPeZR2nu2kJC.html?page=7&pos=11&cur_pos=11&ads_per_page=24&ads_count=4838&lid=8w0GWnDhnRCeS0gg&indexPosition=10,"Dell P2422h 23.8"" Widescreen Ips FHD Monitor","KSh 13,000",Refurbished,Dell,"Nairobi , Moi Avenue, Rahimtulla Trust Building, 2nd floor, right wing, shop 34.opposite Bihi towers"
https://jiji.co.ke/nairobi-central/computer-monitors/hp-series-5-27-inch-fhd-monitor-527sf-94f44aa-3Czuxtq9ltkptxIeVoVEkAQi.html?page=7&pos=14&cur_pos=14&ads_per_page=24&ads_count=4838&lid=8w0GWnDhnRCeS0gg&indexPosition=13,HP Series 5 27 Inch FHD Monitor - 527sf (94f44aa),"KSh 23,899",Brand New,HP,P.O BOX 6991-00500
https://jiji.co.ke/nairobi-central/computer-monitors/lenovo-19-monitor-5tyjRpAyVNJSCdjQ3e45XtaK.html?page=7&pos=17&cur_pos=17&ads_per_page=24&ads_count=4838&lid=8w0GWnDhnRCeS0gg&indexPosition=16,"Lenovo 19"" Monitor","KSh 18,000",Brand New,Lenovo,We are located along Moi Avenue Rahimtulla building (Queens mall ) Ground floor shop no.G7
https://jiji.co.ke/mombasa-cbd/computer-monitors/hp-19-monitor-wide-68YP6FzdvUIV17bztCefarQy.html?page=7&pos=20&cur_pos=20&ads_per_page=24&ads_count=4838&lid=8w0GWnDhnRCeS0gg&indexPosition=19,"HP 19"" Monitor Wide","KSh 4,000",Refurbished,HP,Not available
https://jiji.co.ke/nairobi-central/computer-monitors/elegant-15-inch-pos-tft-lcd-touch-screen-monitor-bp9Y0qTASxMYKS40XAQv3ab6.html?page=7&pos=23&cur_pos=23&ads_per_page=24&ads_count=4838&lid=8w0GWnDhnRCeS0gg&indexPosition=22,Elegant 15 Inch POS TFT LCD Touch Screen Monitor,"KSh 15,000",Brand New,Other,We are located at the junction of Tsavo road and accra road (tea room) benjoe house 2rd floor b17
https://jiji.co.ke/nairobi-central/computer-monitors/27-inch-samsung-monitor-z38WgCJWWNg6OBXPArkg1IJB.html?page=7&pos=3&cur_pos=3&ads_per_page=24&ads_count=4838&lid=8w0GWnDhnRCeS0gg&indexPosition=2,27 Inch Samsung Monitor,"KSh 21,999",Refurbished,Samsung,Old Nation House 1st Floor shop A14 Tom Mboya Street Opposite Fire station
https://jiji.co.ke/nairobi-central/computer-monitors/15-touchscreen-monitor-with-stand-1024-x-768-black-bddDds4fdc647m42xFH5M2iQ.html?page=7&pos=6&cur_pos=6&ads_per_page=24&ads_count=4838&lid=8w0GWnDhnRCeS0gg&indexPosition=5,"15"" Touchscreen Monitor With Stand, 1024 X 768, Black","KSh 14,499",Brand New,Other,MFANGANO STREETRWARE BUSINESS CENTRE 4TH FLOOR 404
https://jiji.co.ke/nairobi-central/computer-monitors/hp-z24i-g2-24-monitor-1920-x-1200-vga-displayport-hdmi-in3ORXbVejXWNcQrSTggf9NG.html?page=7&pos=9&cur_pos=9&ads_per_page=24&ads_count=4838&lid=8w0GWnDhnRCeS0gg&indexPosition=8,"Hp Z24i G2 24"" Monitor 1920 X 1200, Vga, Displayport, Hdmi","KSh 9,999",Refurbished,HP,"Nairobi , Moi Avenue, Rahimtulla Trust Building, 2nd floor, right wing, shop 34.opposite Bihi towers"
https://jiji.co.ke/nairobi-central/computer-monitors/refurb-24-inch-hp-edge-to-edge-monitor-n8n9gU8nKL4ZUGVfJKMwsgFy.html?page=7&pos=12&cur_pos=12&ads_per_page=24&ads_count=4838&lid=8w0GWnDhnRCeS0gg&indexPosition=11,Refurb 24 Inch Hp Edge to Edge Monitor,"KSh 11,999",Refurbished,HP,MFANGANO STREETRWARE BUSINESS CENTRE 4TH FLOOR 404
https://jiji.co.ke/nairobi-central/computer-monitors/brand-new-hp-21-5-inches-monitor-svzxbe2MMNK40yUm2aJ0uMJf.html?page=7&pos=15&cur_pos=15&ads_per_page=24&ads_count=4838&lid=8w0GWnDhnRCeS0gg&indexPosition=14,Brand New Hp 21.5 Inches Monitor,"KSh 16,500",Brand New,HP,We are located along Moi Avenue Rahimtulla building (Queens mall ) Ground floor shop no.G7
https://jiji.co.ke/nairobi-central/computer-monitors/hp-v24v-g5-23-8-inches-fhd-monitor-fcuDqYwTxeKB3WRMAt8FSukK.html?page=7&pos=18&cur_pos=18&ads_per_page=24&ads_count=4838&lid=8w0GWnDhnRCeS0gg&indexPosition=17,HP V24v G5 23.8 Inches FHD Monitor,"KSh 20,500",Brand New,HP,Not available
https://jiji.co.ke/nairobi-central/computer-monitors/touch-monitor-5urXGhmCMVcipB5qqXJTpmc2.html?page=7&pos=21&cur_pos=21&ads_per_page=24&ads_count=4838&lid=8w0GWnDhnRCeS0gg&indexPosition=20,Touch Monitor,"KSh 9,500",Refurbished,Other,Pioneer hse 3rd floor 312B
https://jiji.co.ke/nairobi-central/computer-monitors/samsung-ls27bm500emxue-27-flat-monitor-smart-tv-experience-oMUuH8j6hUNGPWeO7FZ94mYS.html?page=7&pos=24&cur_pos=24&ads_per_page=24&ads_count=4838&lid=8w0GWnDhnRCeS0gg&indexPosition=23,Samsung LS27BM500EMXUE 27′′ Flat Monitor Smart TV Experience,"KSh 34,000",Brand New,Samsung,Not available
https://jiji.co.ke/nairobi-central/computer-monitors/19-inches-hp-stretch-monitor-iE1J7MkRdKzJgoHmIIQVcln2.html?page=8&pos=1&cur_pos=1&ads_per_page=24&ads_count=4838&lid=nOo9xD1Ea8KiW7VB&indexPosition=0,19 Inches Hp Stretch Monitor.,"KSh 3,500",Refurbished,HP,"5 Accra Rd, Nairobi, Kenya"
https://jiji.co.ke/nairobi-central/computer-monitors/samsung-odyssey-g55c-27-hdr-165-hz-curved-gaming-monitor-ndfMeey2EbG79Khrvr5jyLwR.html?page=8&pos=4&cur_pos=4&ads_per_page=24&ads_count=4838&lid=nOo9xD1Ea8KiW7VB&indexPosition=3,"Samsung Odyssey G55c 27"" HDR 165 Hz Curved Gaming Monitor","KSh 35,000",Brand New,Samsung,Rural Urban Credit Finance House tom mboya Street Opposite National Achieves  Shop No C6
https://jiji.co.ke/nairobi-central/computer-monitors/phillips-stretch-22-inches-monitor-mvnE2Q7lvYv5ojNlzf51iLHk.html?page=8&pos=7&cur_pos=7&ads_per_page=24&ads_count=4838&lid=nOo9xD1Ea8KiW7VB&indexPosition=6,Phillips Stretch 22 Inches Monitor,"KSh 4,000",Refurbished,Philips,"5 Accra Rd, Nairobi, Kenya"
https://jiji.co.ke/nairobi-central/computer-monitors/brand-new-hp-21-5-inches-monitor-svzxbe2MMNK40yUm2aJ0uMJf.html?page=8&pos=10&cur_pos=10&ads_per_page=24&ads_count=4838&lid=nOo9xD1Ea8KiW7VB&indexPosition=9,Brand New Hp 21.5 Inches Monitor,"KSh 16,500",Brand New,HP,We are located along Moi Avenue Rahimtulla building (Queens mall ) Ground floor shop no.G7
https://jiji.co.ke/nairobi-central/computer-monitors/hp-527sf-series-27-fhd-monitor-fLnZki8T9h1f36RbiVdjQTU1.html?page=8&pos=13&cur_pos=13&ads_per_page=24&ads_count=4838&lid=nOo9xD1Ea8KiW7VB&indexPosition=12,Hp 527SF Series 27 FHD Monitor,"KSh 26,999",Brand New,HP,"4P8J+5P Kianjai, Kenya"
https://jiji.co.ke/nairobi-central/computer-monitors/hp-series-5-pro-27-inch-qhd-monitor-d1uuzA9VZDfoazLqE7uHa4rF.html?page=8&pos=16&cur_pos=16&ads_per_page=24&ads_count=4838&lid=nOo9xD1Ea8KiW7VB&indexPosition=15,Hp Series 5 Pro 27 Inch QHD Monitor,"KSh 37,000",Brand New,HP,Kimathi Street
https://jiji.co.ke/nairobi-central/computer-monitors/hp-s5-s32sf-31-5-fhd-monitor-hwaBHim6q0FjlwVIyVadcXl.html?page=8&pos=19&cur_pos=19&ads_per_page=24&ads_count=4838&lid=nOo9xD1Ea8KiW7VB&indexPosition=18,"Hp S5 S32sf 31.5"" FHD Monitor","KSh 34,499",Brand New,HP,Kimathi Street
https://jiji.co.ke/nairobi-central/computer-monitors/tft-15-inches-monitor-brand-pkGTXUbMediMg6uBVy6HnrNT.html?page=8&pos=22&cur_pos=22&ads_per_page=24&ads_count=4838&lid=nOo9xD1Ea8KiW7VB&indexPosition=21,TFT 15 Inches Monitor Brand,"KSh 14,500",Brand New,Other,We are located at the junction of Tsavo road and accra road (tea room) benjoe house 2rd floor b17
https://jiji.co.ke/mombasa-cbd/computer-monitors/hp-22-wide-screen-monitor-zFRNryg63izmiLfUFV3gpwRw.html?page=8&pos=2&cur_pos=2&ads_per_page=24&ads_count=4838&lid=nOo9xD1Ea8KiW7VB&indexPosition=1,"HP 22"" Wide Screen Monitor","KSh 5,500",Refurbished,HP,Not available
https://jiji.co.ke/nairobi-central/computer-monitors/hp-p24h-g5-fhd-monitor-black-new-8CZkY9LIKwDu7SL6Xx6e2dSO.html?page=8&pos=5&cur_pos=5&ads_per_page=24&ads_count=4838&lid=nOo9xD1Ea8KiW7VB&indexPosition=4,HP P24h G5 FHD Monitor Black New,"KSh 26,999",Brand New,HP,Not available
https://jiji.co.ke/nairobi-central/computer-monitors/samsung-ls32bg702emxue-32-gaming-monitor-with-uhd-resolution-69YLHALGMpOj7ZZMFVZbw7se.html?page=8&pos=8&cur_pos=8&ads_per_page=24&ads_count=4838&lid=nOo9xD1Ea8KiW7VB&indexPosition=7,"Samsung LS32BG702EMXUE 32""Gaming Monitor With UHD Resolution","KSh 101,000",Brand New,Samsung,Not available
https://jiji.co.ke/nairobi-central/computer-monitors/lenovo-d24-40-24-inch-monitor-mfYGIr70gng7PeXGo7q4ATC6.html?page=8&pos=11&cur_pos=11&ads_per_page=24&ads_count=4838&lid=nOo9xD1Ea8KiW7VB&indexPosition=10,Lenovo D24-40 24-Inch Monitor,"KSh 21,499",Brand New,Alienware,Not available
https://jiji.co.ke/nairobi-central/computer-monitors/hp-series-5-532sf-monitor-nsjEAEv0kcoYk5aSxUNg3EFD.html?page=8&pos=14&cur_pos=14&ads_per_page=24&ads_count=4838&lid=nOo9xD1Ea8KiW7VB&indexPosition=13,Hp Series 5 532sf Monitor,"KSh 36,999",Brand New,HP,"4P8J+5P Kianjai, Kenya"
https://jiji.co.ke/nairobi-central/computer-monitors/hp-527sf-series-5-27-fhd-monitor-hp-527sf-27-monitor-pVNG7HP4kVdHCijtOKWzjoZV.html?page=8&pos=17&cur_pos=17&ads_per_page=24&ads_count=4838&lid=nOo9xD1Ea8KiW7VB&indexPosition=16,"Hp 527sf Series 5 27"" FHD Monitor / Hp 527sf 27"" Monitor","KSh 23,999",Brand New,Lenovo,Kimathi Street
https://jiji.co.ke/nairobi-central/computer-monitors/lenovo-d24-40-24-inch-monitor-black-zpkrdXnxP5irNBWqVnE1ctH0.html?page=8&pos=20&cur_pos=20&ads_per_page=24&ads_count=4838&lid=nOo9xD1Ea8KiW7VB&indexPosition=19,Lenovo D24-40 24-Inch Monitor - Black,"KSh 21,500",Brand New,Lenovo,Not available
https://jiji.co.ke/westlands/computer-monitors/dell-ultrasharp-43-inches-uhd-usb-c-hub-monitor-u4323qe-39KqH67IOxcENsIlDl2b9ff6.html?page=8&pos=23&cur_pos=23&ads_per_page=24&ads_count=4838&lid=nOo9xD1Ea8KiW7VB&indexPosition=22,Dell Ultrasharp 43 Inches Uhd USB-C Hub Monitor - U4323qe,"KSh 249,000",Brand New,Dell,Westlands
https://jiji.co.ke/nairobi-central/computer-monitors/samsung-odyssey-g3-ls27ag300nmxue-flat-gaming-monitor-27-9QPK0txQc7bGuuuckJGeaIh3.html?page=8&pos=3&cur_pos=3&ads_per_page=24&ads_count=4838&lid=nOo9xD1Ea8KiW7VB&indexPosition=2,Samsung Odyssey G3 LS27AG300NMXUE Flat Gaming Monitor 27'',"KSh 34,000",Brand New,Samsung,Not available
https://jiji.co.ke/nairobi-central/computer-monitors/samsung-a700-series-27-inch-uhd-monitor-ips-panel-rGNmACuhq1x8S6ERsdFPmQAq.html?page=8&pos=6&cur_pos=6&ads_per_page=24&ads_count=4838&lid=nOo9xD1Ea8KiW7VB&indexPosition=5,"SAMSUNG A700 Series 27 Inch UHD Monitor, IPS Panel","KSh 42,500",Brand New,Samsung,Not available
https://jiji.co.ke/nairobi-central/computer-monitors/24-inches-monitor-in-good-condition-p2UlNg4zOXArVqCANCfdhaku.html?page=8&pos=9&cur_pos=9&ads_per_page=24&ads_count=4838&lid=nOo9xD1Ea8KiW7VB&indexPosition=8,24 Inches Monitor in Good Condition,"KSh 8,500",Refurbished,Other,"5 Accra Rd, Nairobi, Kenya"
https://jiji.co.ke/nairobi-central/computer-monitors/lg-ultrawide-monitor-lg34bn770-aRSCyMvkOsWTl0CZDycw34XZ.html?page=8&pos=12&cur_pos=12&ads_per_page=24&ads_count=4838&lid=nOo9xD1Ea8KiW7VB&indexPosition=11,LG Ultrawide Monitor LG34BN770,"KSh 59,999",Brand New,LG,"4P8J+5P Kianjai, Kenya"
https://jiji.co.ke/nairobi-central/computer-monitors/samsung-m7-m70f-32-hdr-smart-monitor-d83ux4JgKohdbSEcHzt1aoRC.html?page=8&pos=15&cur_pos=15&ads_per_page=24&ads_count=4838&lid=nOo9xD1Ea8KiW7VB&indexPosition=14,"Samsung M7 M70f 32"" HDR Smart Monitor","KSh 56,500",Brand New,Samsung,Rural Urban Credit Finance House tom mboya Street Opposite National Achieves  Shop No C6
https://jiji.co.ke/nairobi-central/computer-monitors/samsung-s8-viewfinity-37inch-monitor-dZTiJIrWZ75lcjkn2XocjU7c.html?page=8&pos=18&cur_pos=18&ads_per_page=24&ads_count=4838&lid=nOo9xD1Ea8KiW7VB&indexPosition=17,Samsung S8 Viewfinity 37inch Monitor,"KSh 73,000",Brand New,Samsung,Rural Urban Credit Finance House tom mboya Street Opposite National Achieves  Shop No C6
https://jiji.co.ke/nairobi-central/computer-monitors/acer-edge-to-edge-monitor-sfXDeROvWAuABiEaTFa0t678.html?page=8&pos=21&cur_pos=21&ads_per_page=24&ads_count=4838&lid=nOo9xD1Ea8KiW7VB&indexPosition=20,Acer Edge to Edge Monitor,"KSh 13,000",Refurbished,Acer,Tom Mboya St. at RASUMALHouse First Floor Shop No.11 directly  Opposite Imenti House.
https://jiji.co.ke/westlands/computer-monitors/dell-ultrasharp-27-4kuhd-usb-c-hub-monitor-u2723qe-uaa1mfRXICh4paF5qNHqZK8x.html?page=8&pos=24&cur_pos=24&ads_per_page=24&ads_count=4838&lid=nOo9xD1Ea8KiW7VB&indexPosition=23,Dell Ultrasharp 27 4kuhd Usb-C Hub Monitor - U2723qe,"KSh 129,999",Brand New,Dell,Westlands
https://jiji.co.ke/nairobi-central/computer-monitors/samsung-odyssey-g3-27-ls27ag300nmxue-gaming-monitor-dZevwv3AbAkq2WlsqOMIDhih.html?page=9&pos=1&cur_pos=1&ads_per_page=24&ads_count=4939&lid=km51zFsdOalPtj4s&indexPosition=0,Samsung Odyssey G3 27′′ Ls27ag300nmxue Gaming Monitor,"KSh 28,500",Brand New,Samsung,Rural Urban Credit Finance House tom mboya Street Opposite National Achieves  Shop No C6
https://jiji.co.ke/nairobi-central/computer-monitors/19-inches-hp-monitor-mXjcxT8jCDtSPJmU4EYMMMaL.html?page=9&pos=4&cur_pos=4&ads_per_page=24&ads_count=4939&lid=km51zFsdOalPtj4s&indexPosition=3,19 Inches Hp Monitor.,"KSh 3,000",Refurbished,HP,"5 Accra Rd, Nairobi, Kenya"
https://jiji.co.ke/nairobi-central/computer-monitors/benq-edge-toedge-monitor-5jkMwdSMgK8slFDx86bd6Tnc.html?page=9&pos=7&cur_pos=7&ads_per_page=24&ads_count=4939&lid=km51zFsdOalPtj4s&indexPosition=6,Benq Edge Toedge Monitor,"KSh 13,000",Refurbished,BenQ,Tom Mboya St. at RASUMALHouse First Floor Shop No.11 directly  Opposite Imenti House.
https://jiji.co.ke/nairobi-central/computer-monitors/touch-monitor-5urXGhmCMVcipB5qqXJTpmc2.html?page=9&pos=10&cur_pos=10&ads_per_page=24&ads_count=4939&lid=km51zFsdOalPtj4s&indexPosition=9,Touch Monitor,"KSh 9,500",Refurbished,Other,Pioneer hse 3rd floor 312B
https://jiji.co.ke/nairobi-central/computer-monitors/display-monitor-kuIUP9aZVWWisIvO56KOEsrv.html?page=9&pos=13&cur_pos=13&ads_per_page=24&ads_count=4939&lid=km51zFsdOalPtj4s&indexPosition=12,Display Monitor,"KSh 11,000",Brand New,HP,Not available
https://jiji.co.ke/nairobi-central/computer-monitors/hp-series-5-pro-27-inch-qhd-usb-c-monitor-527pu-kBH5klydQf8daCV0lJOOTGj4.html?page=9&pos=16&cur_pos=16&ads_per_page=24&ads_count=4939&lid=km51zFsdOalPtj4s&indexPosition=15,HP Series 5 Pro 27 Inch QHD USB-C Monitor- 527pu,"KSh 44,999",Brand New,HP,TURKANA BUSINESS CENTER 1st FLOOR Shop A15 Moi avenue just few meters from MKU Tower.
https://jiji.co.ke/nairobi-central/computer-monitors/lg-34cb99-34-inches-curved-monitor-wqhd-3440x1440-resolution-2hdmi-Afmyym3O8XxvPgPkZhiVjas.html?page=9&pos=19&cur_pos=19&ads_per_page=24&ads_count=4939&lid=km51zFsdOalPtj4s&indexPosition=18,"LG 34CB99 34 Inches Curved Monitor,WQHD 3440×1440 Resolution 2HDMI","KSh 45,999",Refurbished,LG,Not available
https://jiji.co.ke/nairobi-central/computer-monitors/dell-p2425h-23-8-fhd-monitor-height-tilt-swivel-pivot-wigQbNQu9Lcxpno48UL4tpih.html?page=9&pos=22&cur_pos=22&ads_per_page=24&ads_count=4939&lid=km51zFsdOalPtj4s&indexPosition=21,"""Dell P2425H 23.8"""" FHD Monitor, Height/Tilt/Swivel/Pivot","KSh 25,000",Brand New,Dell,13965
https://jiji.co.ke/nairobi-central/computer-monitors/hp-x24ih-fhd-144hz-fhd-24gaming-monitor-wPVJXeuef2zoXKyglEFGyvKx.html?page=9&pos=2&cur_pos=2&ads_per_page=24&ads_count=4939&lid=km51zFsdOalPtj4s&indexPosition=1,HP X24ih FHD 144hz FHD 24′Gaming Monitor,"KSh 25,499",Brand New,HP,Old Mutual Building 3rd Floor Room 335 along Kimathi street
https://jiji.co.ke/nairobi-central/computer-monitors/hp-m32f-32-inch-fhd-monitor-lo3gXdNf1lCgxquXoZ2z7xJ4.html?page=9&pos=5&cur_pos=5&ads_per_page=24&ads_count=4939&lid=km51zFsdOalPtj4s&indexPosition=4,Hp M32f 32 Inch FHD Monitor,"KSh 35,500",Brand New,HP,Tsavo road maximum business centre 2 nd floor 38 i
https://jiji.co.ke/westlands/computer-monitors/dell-ultrasharp-u2725qe-27-inch-4kuhd-thunderbolt-4-hub-monitor-120hz-7x5n8CX4OZN2ZOGTlBOC72BS.html?page=9&pos=8&cur_pos=8&ads_per_page=24&ads_count=4939&lid=km51zFsdOalPtj4s&indexPosition=7,Dell Ultrasharp U2725qe 27 Inch 4kuhd Thunderbolt 4 Hub Monitor 120hz,"KSh 159,999",Brand New,Dell,Westlands
https://jiji.co.ke/nairobi-central/computer-monitors/acer-22-inches-monitor-fEpmkNqsPLoOEJg7tpFyrq3k.html?page=9&pos=11&cur_pos=11&ads_per_page=24&ads_count=4939&lid=km51zFsdOalPtj4s&indexPosition=10,Acer 22 Inches Monitor,"KSh 5,000",Brand New,Other,"5 Accra Rd, Nairobi, Kenya"
https://jiji.co.ke/nairobi-central/computer-monitors/19-inches-hp-stretch-monitor-iE1J7MkRdKzJgoHmIIQVcln2.html?page=9&pos=14&cur_pos=14&ads_per_page=24&ads_count=4939&lid=km51zFsdOalPtj4s&indexPosition=13,19 Inches Hp Stretch Monitor.,"KSh 3,500",Refurbished,HP,"5 Accra Rd, Nairobi, Kenya"
https://jiji.co.ke/nairobi-central/computer-monitors/hp-series-5-27-inch-fhd-monitor-527da-8EY5T7tBRkeJGukEgX1pNZqi.html?page=9&pos=17&cur_pos=17&ads_per_page=24&ads_count=4939&lid=km51zFsdOalPtj4s&indexPosition=16,HP Series 5 27 Inch FHD Monitor - 527da,"KSh 26,999",Brand New,HP,TURKANA BUSINESS CENTER 1st FLOOR Shop A15 Moi avenue just few meters from MKU Tower.
https://jiji.co.ke/nairobi-central/computer-monitors/dell-p2418hzm-conferencing-monitor-24-inch-full-iG6BBVKIiaLB1pcDj70LdrES.html?page=9&pos=20&cur_pos=20&ads_per_page=24&ads_count=4939&lid=km51zFsdOalPtj4s&indexPosition=19,"Dell P2418HZM
Conferencing Monitor 
24 Inch Full","KSh 8,000",Refurbished,Dell,Not available
https://jiji.co.ke/nairobi-central/computer-monitors/lenovo-thinkvision-s24i-30-23-8-fhd-monitor-vXQC5hD4W6O2HeAK4ZWiGrCR.html?page=9&pos=23&cur_pos=23&ads_per_page=24&ads_count=4939&lid=km51zFsdOalPtj4s&indexPosition=22,"Lenovo ThinkVision S24i-30 23.8"""" FHD Monitor","KSh 17,500",Brand New,Lenovo,13965
https://jiji.co.ke/nairobi-central/computer-monitors/samsung-edge-to-eddge-monitor-x5kZENvMEKsDapKpeNGQ63tK.html?page=9&pos=3&cur_pos=3&ads_per_page=24&ads_count=4939&lid=km51zFsdOalPtj4s&indexPosition=2,Samsung Edge to Eddge Monitor,"KSh 13,000",Refurbished,Samsung,Tom Mboya St. at RASUMALHouse First Floor Shop No.11 directly  Opposite Imenti House.
https://jiji.co.ke/nairobi-central/computer-monitors/new-touch-screen-hdmi-15-inch-pos-tft-lcd-touchscreen-pos-monitor-cNqq4Wrp2FHMDVrzjTzO3YYU.html?page=9&pos=6&cur_pos=6&ads_per_page=24&ads_count=4939&lid=km51zFsdOalPtj4s&indexPosition=5,New Touch Screen Hdmi 15-Inch Pos TFT LCD Touchscreen Pos Monitor,"KSh 13,900",Brand New,Other,Not available
https://jiji.co.ke/nairobi-central/computer-monitors/hp-527sw-series-5-27-fhd-monitor-white-color-27-inch-sIkl17jhFtVZvCK2p5FB94Ur.html?page=9&pos=9&cur_pos=9&ads_per_page=24&ads_count=4939&lid=km51zFsdOalPtj4s&indexPosition=8,"HP 527sw Series 5 27′′ FHD Monitor, White Color 27 Inch","KSh 24,499",Brand New,HP,Moi Avenue Stanbank House Next to Kenya National Archives Room 718 7th Floor
https://jiji.co.ke/nairobi-central/computer-monitors/dell-19-inch-monitor-2wbE0Z7wFbTRD0yc5AyMMDnH.html?page=9&pos=12&cur_pos=12&ads_per_page=24&ads_count=4939&lid=km51zFsdOalPtj4s&indexPosition=11,Dell 19 Inch Monitor,"KSh 5,000",Refurbished,Dell,Tom Mboya St. at RASUMALHouse First Floor Shop No.11 directly  Opposite Imenti House.
https://jiji.co.ke/nairobi-central/computer-monitors/lenovo-thinkvision-e24-40-23-8-fhd-monitor-tQNSrFo13OzovFQgwpGoPwd1.html?page=9&pos=15&cur_pos=15&ads_per_page=24&ads_count=4939&lid=km51zFsdOalPtj4s&indexPosition=14,"Lenovo Thinkvision E24-40 23.8"" FHD Monitor","KSh 19,990",Brand New,Lenovo,TURKANA BUSINESS CENTER 1st FLOOR Shop A15 Moi avenue just few meters from MKU Tower.
https://jiji.co.ke/nairobi-central/computer-monitors/lenovo-t22i-10-22-inch-fhd-monitor-vga-hdmi-display-adju-pi4qNsV7HFsFl2tqtQjKjCw7.html?page=9&pos=18&cur_pos=18&ads_per_page=24&ads_count=4939&lid=km51zFsdOalPtj4s&indexPosition=17,"Lenovo T22i -10 
22 Inch FHD Monitor 
Vga/Hdmi/Display 
Adju","KSh 8,500",Refurbished,Lenovo,Not available
https://jiji.co.ke/nairobi-central/computer-monitors/hp-p34hc-g4-wqhd-usb-c-curved-monitor-21y56as-l5SMMxEBU6yKzxwfn7bVNXDh.html?page=9&pos=21&cur_pos=21&ads_per_page=24&ads_count=4939&lid=km51zFsdOalPtj4s&indexPosition=20,"""HP P34hc G4 WQHD USB-C Curved Monitor 21y56as""","KSh 68,000",Brand New,HP,13965
https://jiji.co.ke/nairobi-central/computer-monitors/hp-19inch-monitor-hNxyhAJhnAdg88LmzRhm9vXW.html?page=9&pos=24&cur_pos=24&ads_per_page=24&ads_count=4939&lid=km51zFsdOalPtj4s&indexPosition=23,Hp 19inch Monitor,"KSh 3,100",Refurbished,HP,Not available
https://jiji.co.ke/nairobi-central/computer-monitors/dell-e2425h-23-8-fhd-monitor-black-tLj1yCjMXMG2TQxjzkcIHZET.html?page=10&pos=1&cur_pos=1&ads_per_page=24&ads_count=4939&lid=WFPpLLNO8Vk-slos&indexPosition=0,"Dell E2425H 23.8"""" FHD Monitor, Black","KSh 17,000",Brand New,Dell,13965
https://jiji.co.ke/nairobi-central/computer-monitors/lenovo-l27q-4a-27-qhd-monitor-xnPKcpwS3kNryjxUQ3OXhgbJ.html?page=10&pos=4&cur_pos=4&ads_per_page=24&ads_count=4939&lid=WFPpLLNO8Vk-slos&indexPosition=3,"Lenovo L27q-4a 27"" QHD Monitor","KSh 30,999",Brand New,Lenovo,"Located Kimathi Street, Pioneer Building 4th Flr, Room 4.Next to Nation Centre Opposite Stanbic Bank"
https://jiji.co.ke/nairobi-central/computer-monitors/24inch-edge-to-edge-computer-monitor-hdmi-port-mSXzkCwQXcKYh9zLTxCjSwTk.html?page=10&pos=7&cur_pos=7&ads_per_page=24&ads_count=4939&lid=WFPpLLNO8Vk-slos&indexPosition=6,24inch Edge to Edge Computer Monitor Hdmi Port,"KSh 11,999",Brand New,HP,MFANGANO STREETRWARE BUSINESS CENTRE 4TH FLOOR 404
https://jiji.co.ke/nairobi-central/computer-monitors/dell-22-inch-monitor-ayUsUahPwmAsts8Qh1AL3Io5.html?page=10&pos=10&cur_pos=10&ads_per_page=24&ads_count=4939&lid=WFPpLLNO8Vk-slos&indexPosition=9,Dell 22 Inch Monitor,"KSh 6,999",Refurbished,Dell,Old Nation House 1st Floor shop A14 Tom Mboya Street Opposite Fire station
https://jiji.co.ke/nairobi-central/computer-monitors/hp-series-7-pro-40-inch-5k2k-curved-conferencing-monitor-740pm-pJUuVKq2ljuNxUnmwUDifUmM.html?page=10&pos=13&cur_pos=13&ads_per_page=24&ads_count=4939&lid=WFPpLLNO8Vk-slos&indexPosition=12,Hp Series 7 Pro 40-Inch 5k2k Curved Conferencing Monitor (740pm),"KSh 75,000",Brand New,HP,Rahimtulla trust building first floor shop 12 along moi avenue opposite Bihi towers
https://jiji.co.ke/nairobi-central/computer-monitors/dell-p2419h-24-full-hd-1920-x-1080-led-lcd-ips-monitor-hdmi-dp-vga-w3U4GWAnRMbTrYn4OIGSqFIi.html?page=10&pos=16&cur_pos=16&ads_per_page=24&ads_count=4939&lid=WFPpLLNO8Vk-slos&indexPosition=15,"Dell P2419h 24"" Full Hd 1920 X 1080 Led LCD Ips Monitor Hdmi Dp Vga","KSh 12,500",Refurbished,Dell,"Nairobi , Moi Avenue, Rahimtulla Trust Building, 2nd floor, right wing, shop 34.opposite Bihi towers"
https://jiji.co.ke/nairobi-central/computer-monitors/dahua-dhi-lm27-c200-fhd-led-monitor-27-inch-75hz-BrQtRlhk3L2zTs2AkSyzimzM.html?page=10&pos=19&cur_pos=19&ads_per_page=24&ads_count=4939&lid=WFPpLLNO8Vk-slos&indexPosition=18,Dahua DHI-LM27-C200 FHD LED Monitor 27 Inch 75hz,"KSh 21,999",Brand New,Other,P.O BOX 6991-00500
https://jiji.co.ke/nairobi-central/computer-monitors/hp-series-5-27-inch-fhd-monitor-527sf-94f44aa-3Czuxtq9ltkptxIeVoVEkAQi.html?page=10&pos=22&cur_pos=22&ads_per_page=24&ads_count=4939&lid=WFPpLLNO8Vk-slos&indexPosition=21,HP Series 5 27 Inch FHD Monitor - 527sf (94f44aa),"KSh 23,899",Brand New,HP,P.O BOX 6991-00500
https://jiji.co.ke/nairobi-central/computer-monitors/dell-24inch-monitor-ajPuweSEdtmVCT7rgCvfF4F4.html?page=10&pos=2&cur_pos=2&ads_per_page=24&ads_count=4939&lid=WFPpLLNO8Vk-slos&indexPosition=1,Dell 24inch Monitor,"KSh 6,500",Refurbished,Dell,Not available
https://jiji.co.ke/nairobi-central/computer-monitors/hp-m27fd-27-fhd-usb-c-monitor-black-color-m27fd-8TnGW6oC9ATcvKi1IjykqeBV.html?page=10&pos=5&cur_pos=5&ads_per_page=24&ads_count=4939&lid=WFPpLLNO8Vk-slos&indexPosition=4,"HP M27fd 27"" FHD USB-C Monitor Black Color M27fd","KSh 31,499",Brand New,HP,"Located Kimathi Street, Pioneer Building 4th Flr, Room 4.Next to Nation Centre Opposite Stanbic Bank"
https://jiji.co.ke/nairobi-central/computer-monitors/hp-computer-monitor-24-inch-edge-to-edge-fXAinbdcGNqsUJGwBf33lG7Q.html?page=10&pos=8&cur_pos=8&ads_per_page=24&ads_count=4939&lid=WFPpLLNO8Vk-slos&indexPosition=7,Hp Computer Monitor 24 Inch Edge to Edge,"KSh 12,000",Brand New,HP,MFANGANO STREETRWARE BUSINESS CENTRE 4TH FLOOR 404
https://jiji.co.ke/nairobi-central/computer-monitors/15-touchscreen-monitor-flexible-mounting-sealed-dust-and-liquids-hG7rfMxvfhPlrPhFSKFBMJfZ.html?page=10&pos=11&cur_pos=11&ads_per_page=24&ads_count=4939&lid=WFPpLLNO8Vk-slos&indexPosition=10,"15"" Touchscreen Monitor Flexible Mounting Sealed , Dust and Liquids","KSh 14,499",Brand New,Other,MFANGANO STREETRWARE BUSINESS CENTRE 4TH FLOOR 404
https://jiji.co.ke/nairobi-central/computer-monitors/24-inch-acer-monitor-hxoB6GUanK4XW2pJ4lR7wv2V.html?page=10&pos=14&cur_pos=14&ads_per_page=24&ads_count=4939&lid=WFPpLLNO8Vk-slos&indexPosition=13,24 Inch Acer Monitor,"KSh 7,500",Refurbished,Acer,Old Nation House 1st Floor shop A14 Tom Mboya Street Opposite Fire station
https://jiji.co.ke/nairobi-central/computer-monitors/dell-p2422h-24-monitor-BsI4Qn0KgWtVnUq6IkpJJkun.html?page=10&pos=17&cur_pos=17&ads_per_page=24&ads_count=4939&lid=WFPpLLNO8Vk-slos&indexPosition=16,"Dell P2422h 24"" Monitor","KSh 13,000",Refurbished,Dell,"Nairobi , Moi Avenue, Rahimtulla Trust Building, 2nd floor, right wing, shop 34.opposite Bihi towers"
https://jiji.co.ke/mombasa-cbd/computer-monitors/lg-22-led-monitor-22mb35-2vOrnOjQ0Wx3buJS4gFsPZHZ.html?page=10&pos=20&cur_pos=20&ads_per_page=24&ads_count=4939&lid=WFPpLLNO8Vk-slos&indexPosition=19,Lg 22 Led Monitor 22mb35,"KSh 5,800",Brand New,LG,Not available
https://jiji.co.ke/nairobi-central/computer-monitors/19-monitor-det77KpKM40qHCwuOfw5PAdT.html?page=10&pos=23&cur_pos=23&ads_per_page=24&ads_count=4939&lid=WFPpLLNO8Vk-slos&indexPosition=22,"19""monitor","KSh 3,500",Refurbished,Dell,Not available
https://jiji.co.ke/nairobi-central/computer-monitors/lg-31-5-uhd-monitor-integrated-speakers-pAe4M9MODexZLX9J0TzYql9Y.html?page=10&pos=3&cur_pos=3&ads_per_page=24&ads_count=4939&lid=WFPpLLNO8Vk-slos&indexPosition=2,"LG 31.5"" UHD Monitor, Integrated Speakers","KSh 61,999",Brand New,LG,"Located Kimathi Street, Pioneer Building 4th Flr, Room 4.Next to Nation Centre Opposite Stanbic Bank"
https://jiji.co.ke/nairobi-central/computer-monitors/hp-527sf-series-5-monitor-xiH5rgJeqi96hKfUO3UtIpWb.html?page=10&pos=6&cur_pos=6&ads_per_page=24&ads_count=4939&lid=WFPpLLNO8Vk-slos&indexPosition=5,Hp 527sf Series 5 Monitor,"KSh 24,000",Brand New,HP,"F&F Building, Shop U19, 1st Floor, along Tom Mboya Street, Latema Junction — Nairobi CBD."
https://jiji.co.ke/nairobi-central/computer-monitors/dell-u2719d-ultrasharp-27-ips-monitor-7OsxLOVuwcxCsmnSnncIqmIP.html?page=10&pos=9&cur_pos=9&ads_per_page=24&ads_count=4939&lid=WFPpLLNO8Vk-slos&indexPosition=8,Dell U2719d Ultrasharp 27′′ Ips Monitor,"KSh 19,000",Refurbished,Dell,Rahimtulla trust building first floor shop 12 along moi avenue opposite Bihi towers
https://jiji.co.ke/nairobi-central/computer-monitors/hp-z24n-g3-24wuxga-monitor-5ms-hdmi-displayport-tilt-height-wVRonxSYuGOuhvcxarFDadw5.html?page=10&pos=12&cur_pos=12&ads_per_page=24&ads_count=4939&lid=WFPpLLNO8Vk-slos&indexPosition=11,Hp Z24n G3 24wuxga Monitor 5ms Hdmi Displayport Tilt Height,"KSh 20,499",Refurbished,HP,Rahimtulla trust building first floor shop 12 along moi avenue opposite Bihi towers
https://jiji.co.ke/nairobi-central/computer-monitors/27-inch-samsung-monitor-z38WgCJWWNg6OBXPArkg1IJB.html?page=10&pos=15&cur_pos=15&ads_per_page=24&ads_count=4939&lid=WFPpLLNO8Vk-slos&indexPosition=14,27 Inch Samsung Monitor,"KSh 21,999",Refurbished,Samsung,Old Nation House 1st Floor shop A14 Tom Mboya Street Opposite Fire station
https://jiji.co.ke/nairobi-central/computer-monitors/dell-p2422h-24-inch-1080p-fhd-ips-technology-hdmi-monitor-on-offer-97iMc62DkN7CMxzXTmbS8SUz.html?page=10&pos=18&cur_pos=18&ads_per_page=24&ads_count=4939&lid=WFPpLLNO8Vk-slos&indexPosition=17,Dell P2422h 24 Inch 1080p FHD Ips Technology Hdmi Monitor on Offer,"KSh 12,999",Brand New,Dell,"Nairobi , Moi Avenue, Rahimtulla Trust Building, 2nd floor, right wing, shop 34.opposite Bihi towers"
https://jiji.co.ke/nairobi-central/computer-monitors/dahua-u401a-27-monitor-r3KV0etVaqAUnM8HtjNjQUnM.html?page=10&pos=21&cur_pos=21&ads_per_page=24&ads_count=4939&lid=WFPpLLNO8Vk-slos&indexPosition=20,"Dahua U401A 27"" Monitor","KSh 40,000",Brand New,Dahua,Not available
https://jiji.co.ke/nairobi-central/computer-monitors/24-frameless-monitor-kV4vqMVFzNVOx6aOBkiKwscU.html?page=10&pos=24&cur_pos=24&ads_per_page=24&ads_count=4939&lid=WFPpLLNO8Vk-slos&indexPosition=23,"24"" Frameless Monitor","KSh 11,000",Brand New,Dell,Not available
https://jiji.co.ke/mombasa-cbd/computer-monitors/hp-24-frameless-hdmi-monitor-8ozoMT55fnBuCE1UIdzXOhTF.html?page=11&pos=1&cur_pos=1&ads_per_page=24&ads_count=4951&lid=qWLyejCemm_goeP7&indexPosition=0,"HP 24"" Frameless HDMI Monitor","KSh 11,500",Refurbished,HP,Not available
https://jiji.co.ke/nairobi-central/computer-monitors/acer-24-inches-monitor-with-hdmi-port-and-speakers-jSqS6Tsm4AGiI8ZnUO4ACNeL.html?page=11&pos=4&cur_pos=4&ads_per_page=24&ads_count=4951&lid=qWLyejCemm_goeP7&indexPosition=3,Acer 24 Inches Monitor With HDMI Port and Speakers,"KSh 8,000",Refurbished,Acer,Not available
https://jiji.co.ke/nairobi-central/computer-monitors/20-inches-hp-monitor-31xFxuducLAhhUKyCBqBANb6.html?page=11&pos=7&cur_pos=7&ads_per_page=24&ads_count=4951&lid=qWLyejCemm_goeP7&indexPosition=6,20 Inches Hp Monitor,"KSh 4,000",Refurbished,HP,Not available
https://jiji.co.ke/nairobi-central/computer-monitors/monitors-for-desktops-BzKAq2NNliZUrmOubF5yQdlI.html?page=11&pos=10&cur_pos=10&ads_per_page=24&ads_count=4951&lid=qWLyejCemm_goeP7&indexPosition=9,Monitors for Desktops,"KSh 3,000",Refurbished,HP,imenti house along Tom Mboya street opposite dominion
https://jiji.co.ke/nairobi-central/computer-monitors/29-inches-dell-monitor-2-k-display-available-edge-to-edge-fvO79Z0VbnFdjUVRkKf7fMzg.html?page=11&pos=13&cur_pos=13&ads_per_page=24&ads_count=4951&lid=qWLyejCemm_goeP7&indexPosition=12,29 Inches Dell Monitor 2 K Display Available Edge to Edge,"KSh 18,000",Refurbished,Dell,imenti house along Tom Mboya street opposite dominion
https://jiji.co.ke/nairobi-central/computer-monitors/hp-27f-61-cm-27-in-diagonal-ultra-slim-full-hd-ips-monitor-qhHPI5VCm41OoqmK83WxaHxg.html?page=11&pos=16&cur_pos=16&ads_per_page=24&ads_count=4951&lid=qWLyejCemm_goeP7&indexPosition=15,HP 27f 61 Cm (27 In) Diagonal Ultra Slim Full HD IPS Monitor,"KSh 25,000",Brand New,HP,Not available
https://jiji.co.ke/nairobi-central/computer-monitors/hp-elitedisplay-e243-23-8-inch-monitor-eXghO1dZBsHIyUlQmt83sq8a.html?page=11&pos=19&cur_pos=19&ads_per_page=24&ads_count=4951&lid=qWLyejCemm_goeP7&indexPosition=18,HP Elitedisplay E243 23.8-Inch Monitor,"KSh 30,999",Brand New,HP,Kimathi Street
https://jiji.co.ke/nairobi-central/computer-monitors/lenovo-c27-27-inch-full-hd-monitor-black-uO4M018H1oQZNv0rTNl02ZMH.html?page=11&pos=22&cur_pos=22&ads_per_page=24&ads_count=4951&lid=qWLyejCemm_goeP7&indexPosition=21,Lenovo C27 27-Inch Full HD Monitor - Black,"KSh 27,999",Brand New,Lenovo,Not available
https://jiji.co.ke/mombasa-cbd/computer-monitors/dell-19-inches-monitor-1zAvvd3UA5LEOPcFbwfRIQmr.html?page=11&pos=2&cur_pos=2&ads_per_page=24&ads_count=4951&lid=qWLyejCemm_goeP7&indexPosition=1,Dell 19 Inches Monitor,"KSh 3,500",Refurbished,Dell,Not available
https://jiji.co.ke/nairobi-central/computer-monitors/hp-m27fw-27-fhd-ultra-slim-led-monitor-l2b1lFupzJHYac8lCZIHgIOS.html?page=11&pos=5&cur_pos=5&ads_per_page=24&ads_count=4951&lid=qWLyejCemm_goeP7&indexPosition=4,"HP M27fw 27"" FHD Ultra Slim LED Monitor","KSh 29,999",Brand New,HP,Not available
https://jiji.co.ke/nairobi-central/computer-monitors/hp-27mq-27-inch-monitor-quad-hd-wHSyH0ILTAZ0CTOc3gIrfFwz.html?page=11&pos=8&cur_pos=8&ads_per_page=24&ads_count=4951&lid=qWLyejCemm_goeP7&indexPosition=7,HP 27MQ 27 Inch Monitor Quad HD,"KSh 27,999",Brand New,HP,"4P8J+5P Kianjai, Kenya"
https://jiji.co.ke/nairobi-central/computer-monitors/samsung-ls24c310eamxue-24-inch-s3-essential-monitor-wp7X01RunAOAfq3uO32XUqsh.html?page=11&pos=11&cur_pos=11&ads_per_page=24&ads_count=4951&lid=qWLyejCemm_goeP7&indexPosition=10,Samsung LS24C310EAMXUE 24-Inch S3 Essential Monitor,"KSh 16,999",Brand New,Samsung,Not available
https://jiji.co.ke/nairobi-central/computer-monitors/hp-x24c-gaming-monitor-n7r027uEtRZLxMh7ZTz8FGHr.html?page=11&pos=14&cur_pos=14&ads_per_page=24&ads_count=4951&lid=qWLyejCemm_goeP7&indexPosition=13,HP X24c Gaming Monitor,"KSh 33,999",Brand New,HP,"4P8J+5P Kianjai, Kenya"
https://jiji.co.ke/nairobi-central/computer-monitors/dahua-portable-monitor-non-touch-abKmOQxJNHEOgbPcqea0aKra.html?page=11&pos=17&cur_pos=17&ads_per_page=24&ads_count=4951&lid=qWLyejCemm_goeP7&indexPosition=16,Dahua Portable Monitor Non-Touch,"KSh 13,500",Brand New,Other,Rural Urban Credit Finance House tom mboya Street Opposite National Achieves  Shop No C6
https://jiji.co.ke/nairobi-central/computer-monitors/hp-527sf-series-5-27-fhd-monitor-black-color-coOYL99sjz0MMV3DsaarY5Xi.html?page=11&pos=20&cur_pos=20&ads_per_page=24&ads_count=4951&lid=qWLyejCemm_goeP7&indexPosition=19,"Hp 527sf Series 5 27"" FHD Monitor, Black Color,","KSh 23,849",Brand New,HP,Kimathi Street
https://jiji.co.ke/nairobi-central/computer-monitors/samsung-24-essential-monitor-s3-xwXuqwWYbUU0hxCDEhnNx9i1.html?page=11&pos=23&cur_pos=23&ads_per_page=24&ads_count=4951&lid=qWLyejCemm_goeP7&indexPosition=22,"Samsung 24"" Essential Monitor S3","KSh 12,750",Brand New,Samsung,Rural Urban Credit Finance House tom mboya Street Opposite National Achieves  Shop No C6
https://jiji.co.ke/nairobi-central/computer-monitors/lenovo-l24i-30-23-8-inches-fhd-monitor-kEQBdHobpoEPCIrDF82b90da.html?page=11&pos=3&cur_pos=3&ads_per_page=24&ads_count=4951&lid=qWLyejCemm_goeP7&indexPosition=2,Lenovo L24i-30 23.8 Inches FHD Monitor,"KSh 20,999",Brand New,Lenovo,Not available
https://jiji.co.ke/nairobi-central/computer-monitors/samsung-22-monitor-7KYHAlw1q8URSyaLg3Jq1Tc0.html?page=11&pos=6&cur_pos=6&ads_per_page=24&ads_count=4951&lid=qWLyejCemm_goeP7&indexPosition=5,"Samsung 22"" Monitor","KSh 6,000",Refurbished,Samsung,Not available
https://jiji.co.ke/nairobi-central/computer-monitors/dell-p2419h-frameless-monitor-available-52pQVR8SRCWaaCvFdJwnC5cX.html?page=11&pos=9&cur_pos=9&ads_per_page=24&ads_count=4951&lid=qWLyejCemm_goeP7&indexPosition=8,Dell P2419h Frameless Monitor Available,"KSh 11,000",For Parts or Not Working,Dell,imenti house along Tom Mboya street opposite dominion
https://jiji.co.ke/nairobi-central/computer-monitors/x24ih-gaming-monitor-k905wrGq2XGXudlX5egWY3x2.html?page=11&pos=12&cur_pos=12&ads_per_page=24&ads_count=4951&lid=qWLyejCemm_goeP7&indexPosition=11,X24ih Gaming Monitor,"KSh 29,499",Brand New,HP,"4P8J+5P Kianjai, Kenya"
https://jiji.co.ke/nairobi-central/computer-monitors/lenovo-d22e-20-21-45-inches-fhd-monitor-nht6k7zjecJ46NhIkc6meaJY.html?page=11&pos=15&cur_pos=15&ads_per_page=24&ads_count=4951&lid=qWLyejCemm_goeP7&indexPosition=14,Lenovo D22e-20 21.45 Inches FHD Monitor,"KSh 14,000",Brand New,Lenovo,Not available
https://jiji.co.ke/westlands/computer-monitors/dell-u2724de-27-inches-ultrasharp-thunderbolt-4-hub-monitor-120hz-yuyVBvIdYPHtT7EVbCw8oF77.html?page=11&pos=18&cur_pos=18&ads_per_page=24&ads_count=4951&lid=qWLyejCemm_goeP7&indexPosition=17,Dell U2724de 27 Inches Ultrasharp Thunderbolt 4 Hub Monitor 120hz,"KSh 127,999",Brand New,Dell,Westlands
https://jiji.co.ke/nairobi-central/computer-monitors/samsung-s3-essential-monitor-32-curved-dFHQ2xRHRW7cesfRAnc4xtvB.html?page=11&pos=21&cur_pos=21&ads_per_page=24&ads_count=4951&lid=qWLyejCemm_goeP7&indexPosition=20,"Samsung S3 Essential Monitor 32"" Curved","KSh 30,999",Brand New,Samsung,Rural Urban Credit Finance House tom mboya Street Opposite National Achieves  Shop No C6
https://jiji.co.ke/nairobi-central/computer-monitors/hp-v214a-20-7-widescreen-lcd-monitor-ufNy5MFALgI3rBcfbKj8Yc2l.html?page=11&pos=24&cur_pos=24&ads_per_page=24&ads_count=4951&lid=qWLyejCemm_goeP7&indexPosition=23,HP V214A 20.7′′ Widescreen LCD Monitor,"KSh 10,999",Brand New,HP,Kimathi Street
https://jiji.co.ke/nairobi-central/computer-monitors/samsung-ls24c310eamxue-24-inch-s3-essential-monitor-wp7X01RunAOAfq3uO32XUqsh.html?page=12&pos=1&cur_pos=1&ads_per_page=24&ads_count=4939&lid=9_4tA-Hwdr6tdMPI&indexPosition=0,Samsung LS24C310EAMXUE 24-Inch S3 Essential Monitor,"KSh 16,999",Brand New,Samsung,Not available
https://jiji.co.ke/nairobi-central/computer-monitors/lenovo-think-vision-monitor-li2054-19-5-ips-tft-aIgjcRhxLnyiUROKKP8bc821.html?page=12&pos=4&cur_pos=4&ads_per_page=24&ads_count=4939&lid=9_4tA-Hwdr6tdMPI&indexPosition=3,Lenovo Think Vision Monitor LI2054 19.5” IPS TFT,"KSh 9,500",Brand New,Lenovo,Old Mutual Building 3rd Floor Room 335 along Kimathi street
https://jiji.co.ke/westlands/computer-monitors/dell-ultrasharp-38-3840-x-1600-curved-usb-c-hub-monitor-u3824dw-5Vbl6VGxnrKAfk7HevF0v2nF.html?page=12&pos=7&cur_pos=7&ads_per_page=24&ads_count=4939&lid=9_4tA-Hwdr6tdMPI&indexPosition=6,Dell Ultrasharp 38'' 3840 X 1600 Curved Usb-C Hub Monitor - U3824dw,"KSh 258,000",Brand New,Dell,Westlands
https://jiji.co.ke/westlands/computer-monitors/dell-ultrasharp-u2725qe-27-inch-4kuhd-thunderbolt-4-hub-monitor-120hz-7x5n8CX4OZN2ZOGTlBOC72BS.html?page=12&pos=10&cur_pos=10&ads_per_page=24&ads_count=4939&lid=9_4tA-Hwdr6tdMPI&indexPosition=9,Dell Ultrasharp U2725qe 27 Inch 4kuhd Thunderbolt 4 Hub Monitor 120hz,"KSh 159,999",Brand New,Dell,Westlands
https://jiji.co.ke/nairobi-central/computer-monitors/hp-24inch-monitor-model-e243-fKAhcoAxayevz83noRfhMOjw.html?page=12&pos=13&cur_pos=13&ads_per_page=24&ads_count=4939&lid=9_4tA-Hwdr6tdMPI&indexPosition=12,Hp 24inch Monitor  Model: E243,"KSh 12,000",Refurbished,HP,Not available
https://jiji.co.ke/nairobi-central/computer-monitors/hp-24inch-monitor-model-e243-1080p-iq11ZYs3fCWuqZ0SAcvMu1Hg.html?page=12&pos=16&cur_pos=16&ads_per_page=24&ads_count=4939&lid=9_4tA-Hwdr6tdMPI&indexPosition=15,Hp 24inch Monitor  Model: E243  1080p,"KSh 12,000",Refurbished,HP,Location: Along Tom mboya street  Opposite  Fire Station Pioneer Tom mboya street 3rd floor  room 30
https://jiji.co.ke/nairobi-central/computer-monitors/hp-series-3-pro-21-45-inch-fhd-monitor-xgpTNaQUomJimh22kcLzm2Dd.html?page=12&pos=19&cur_pos=19&ads_per_page=24&ads_count=4939&lid=9_4tA-Hwdr6tdMPI&indexPosition=18,HP Series 3 Pro 21.45 Inch FHD Monitor,"KSh 15,500",Brand New,HP,13965
https://jiji.co.ke/nairobi-central/computer-monitors/samsung-s3-essential-monitor-27-s31c-nFBYoQBD0FIKlXzG989f0JO5.html?page=12&pos=22&cur_pos=22&ads_per_page=24&ads_count=4939&lid=9_4tA-Hwdr6tdMPI&indexPosition=21,"Samsung S3 Essential Monitor 27""S31c","KSh 22,999",Brand New,Samsung,TURKANA BUSINESS CENTER 1st FLOOR Shop A15 Moi avenue just few meters from MKU Tower.
https://jiji.co.ke/nairobi-central/computer-monitors/lenovo-l22i-30-21-5-fhd-monitor-raven-black-color-connect-8LFtlc3i0CEu29CiVS1eog9m.html?page=12&pos=2&cur_pos=2&ads_per_page=24&ads_count=4939&lid=9_4tA-Hwdr6tdMPI&indexPosition=1,"Lenovo L22i-30 21.5"" FHD Monitor Raven Black Color - Connect","KSh 16,999",Brand New,Lenovo,Old Mutual Building 3rd Floor Room 335 along Kimathi street
https://jiji.co.ke/nairobi-central/computer-monitors/samsung-32-essential-s3-100hz-full-hd-monitor-A7xf82rqKokx1fOIbnG7mE8b.html?page=12&pos=5&cur_pos=5&ads_per_page=24&ads_count=4939&lid=9_4tA-Hwdr6tdMPI&indexPosition=4,"Samsung 32"" Essential S3 100hz Full Hd Monitor","KSh 32,000",Brand New,Samsung,Rural Urban Credit Finance House tom mboya Street Opposite National Achieves  Shop No C6
https://jiji.co.ke/westlands/computer-monitors/dell-u2724de-27-inches-ultrasharp-thunderbolt-4-hub-monitor-120hz-yuyVBvIdYPHtT7EVbCw8oF77.html?page=12&pos=8&cur_pos=8&ads_per_page=24&ads_count=4939&lid=9_4tA-Hwdr6tdMPI&indexPosition=7,Dell U2724de 27 Inches Ultrasharp Thunderbolt 4 Hub Monitor 120hz,"KSh 127,999",Brand New,Dell,Westlands
https://jiji.co.ke/nairobi-central/computer-monitors/hp-series-5-27-inch-fhd-monitor-527da-8EY5T7tBRkeJGukEgX1pNZqi.html?page=12&pos=11&cur_pos=11&ads_per_page=24&ads_count=4939&lid=9_4tA-Hwdr6tdMPI&indexPosition=10,HP Series 5 27 Inch FHD Monitor - 527da,"KSh 26,999",Brand New,HP,TURKANA BUSINESS CENTER 1st FLOOR Shop A15 Moi avenue just few meters from MKU Tower.
https://jiji.co.ke/nairobi-central/computer-monitors/hp-omen-32c-curved-gaming-monitor-32-inch-qhd-2560-1440-m72GnzXOgqhD2bOYKW82LWrR.html?page=12&pos=14&cur_pos=14&ads_per_page=24&ads_count=4939&lid=9_4tA-Hwdr6tdMPI&indexPosition=13,"Hp Omen 32c Curved Gaming Monitor 
 32 Inch QHD [2560*1440]","KSh 59,999",Refurbished,HP,Not available
https://jiji.co.ke/nairobi-central/computer-monitors/dell-e2725hm-27-fhd-monitor-black-color-aKxau0aS9KRZGl2YM5snBxAn.html?page=12&pos=17&cur_pos=17&ads_per_page=24&ads_count=4939&lid=9_4tA-Hwdr6tdMPI&indexPosition=16,"Dell E2725HM 27"""" FHD Monitor, Black Color","KSh 22,500",Brand New,Dell,13965
https://jiji.co.ke/nairobi-central/computer-monitors/dell-p2425h-23-8-fhd-monitor-height-tilt-swivel-pivot-wigQbNQu9Lcxpno48UL4tpih.html?page=12&pos=20&cur_pos=20&ads_per_page=24&ads_count=4939&lid=9_4tA-Hwdr6tdMPI&indexPosition=19,"""Dell P2425H 23.8"""" FHD Monitor, Height/Tilt/Swivel/Pivot","KSh 25,000",Brand New,Dell,13965
https://jiji.co.ke/nairobi-central/computer-monitors/hp-series-5-23-8-inch-fhd-1920x1080-white-monitor-524sw-344xKwmGFysUiY3ZyOQGIgYf.html?page=12&pos=23&cur_pos=23&ads_per_page=24&ads_count=4939&lid=9_4tA-Hwdr6tdMPI&indexPosition=22,HP Series 5 23.8 Inch FHD (1920x1080)White Monitor 524sw,"KSh 22,499",Brand New,HP,"Located Kimathi Street, Pioneer Building 4th Flr, Room 4.Next to Nation Centre Opposite Stanbic Bank"
https://jiji.co.ke/nairobi-central/computer-monitors/dell-e2422hn-23-8-inch-60-50-cm-led-backlit-monitor-fhd-pRcdnYtlWnpFTFiA14nrUv55.html?page=12&pos=3&cur_pos=3&ads_per_page=24&ads_count=4939&lid=9_4tA-Hwdr6tdMPI&indexPosition=2,Dell E2422HN 23.8 Inch (60.50 Cm) LED Backlit Monitor - FHD,"KSh 20,999",Brand New,Dell,Old Mutual Building 3rd Floor Room 335 along Kimathi street
https://jiji.co.ke/nairobi-central/computer-monitors/dahua-portable-monitor-non-touch-abKmOQxJNHEOgbPcqea0aKra.html?page=12&pos=6&cur_pos=6&ads_per_page=24&ads_count=4939&lid=9_4tA-Hwdr6tdMPI&indexPosition=5,Dahua Portable Monitor Non-Touch,"KSh 13,500",Brand New,Other,Rural Urban Credit Finance House tom mboya Street Opposite National Achieves  Shop No C6
https://jiji.co.ke/nairobi-central/computer-monitors/touch-screen-15-inch-pos-tft-lcd-touchscreen-monitor-nkXuDlVC9JpYvZrUUfiGjEvu.html?page=12&pos=9&cur_pos=9&ads_per_page=24&ads_count=4939&lid=9_4tA-Hwdr6tdMPI&indexPosition=8,Touch Screen 15-Inch POS TFT LCD Touchscreen Monitor,"KSh 17,900",Brand New,Other,Tsavo road maximum business centre 2 nd floor 38 i
https://jiji.co.ke/nairobi-central/computer-monitors/hp-p22h-g4-22-inch-monitor-edge-to-edge-22-inch-monitor-full-hDpIz9K0v6ba3hVw9Oqnjdry.html?page=12&pos=12&cur_pos=12&ads_per_page=24&ads_count=4939&lid=9_4tA-Hwdr6tdMPI&indexPosition=11,"HP P22h G4 22 Inch Monitor Edge to Edge
22 Inch Monitor
Full","KSh 9,100",Refurbished,HP,Not available
https://jiji.co.ke/nairobi-central/computer-monitors/lenovo-thinkvision-t24v-10-monitor-vga-hdmi-display-port-full-hd-60-hz-s4JOAks4stm5MIDhD46l4SB6.html?page=12&pos=15&cur_pos=15&ads_per_page=24&ads_count=4939&lid=9_4tA-Hwdr6tdMPI&indexPosition=14,"Lenovo Thinkvision T24v-10 Monitor Vga/Hdmi/Display Port
Full Hd
60 Hz","KSh 13,000",Refurbished,Lenovo,Location: Along Tom mboya street  Opposite  Fire Station Pioneer Tom mboya street 3rd floor  room 30
https://jiji.co.ke/nairobi-central/computer-monitors/hp-omen-gaming-monitor-25i-gaming-monitor-p1PrISxvQ9DQz6CEMUgvG3QV.html?page=12&pos=18&cur_pos=18&ads_per_page=24&ads_count=4939&lid=9_4tA-Hwdr6tdMPI&indexPosition=17,"Hp Omen Gaming Monitor
25i Gaming Monitor","KSh 20,500",Refurbished,HP,Location: Along Tom mboya street  Opposite  Fire Station Pioneer Tom mboya street 3rd floor  room 30
https://jiji.co.ke/nairobi-central/computer-monitors/samsung-27-odyssey-oled-g8-g80sh-gaming-monitor-bbkXRZuy9vwXU3UBfXLWtuIK.html?page=12&pos=21&cur_pos=21&ads_per_page=24&ads_count=4939&lid=9_4tA-Hwdr6tdMPI&indexPosition=20,"Samsung 27"" Odyssey OLED G8 (G80SH) Gaming Monitor","KSh 164,999",Brand New,Samsung,TURKANA BUSINESS CENTER 1st FLOOR Shop A15 Moi avenue just few meters from MKU Tower.
https://jiji.co.ke/nairobi-central/computer-monitors/lenovo-r27fc-30-280hz-gaming-monitor-r27fc-30-ChlbJxVrAtOZ1flMD1ra50fI.html?page=12&pos=24&cur_pos=24&ads_per_page=24&ads_count=4939&lid=9_4tA-Hwdr6tdMPI&indexPosition=23,Lenovo ! R27fc-30 280hz //Gaming Monitor !R27fc-30,"KSh 37,999",Brand New,Lenovo,"Located Kimathi Street, Pioneer Building 4th Flr, Room 4.Next to Nation Centre Opposite Stanbic Bank"
https://jiji.co.ke/nairobi-central/computer-monitors/lenovo-l22e-40-21-5-inch-full-hd-1080p-75hz-display-monitor-BqPaTFNTRYSXukpaF18RJmWT.html?page=13&pos=1&cur_pos=1&ads_per_page=24&ads_count=4951&lid=AARnmS7BHoA8CTBF&indexPosition=0,Lenovo L22e 40 21.5 Inch Full Hd 1080p 75hz Display Monitor,"KSh 17,499",Brand New,Lenovo,Rahimtulla trust building first floor shop 12 along moi avenue opposite Bihi towers
https://jiji.co.ke/nairobi-central/computer-monitors/affordable-15-touch-screen-monitor-with-interactive-display-designed-crx3XrI4RQQLssXOUs1Bqr6J.html?page=13&pos=4&cur_pos=4&ads_per_page=24&ads_count=4951&lid=AARnmS7BHoA8CTBF&indexPosition=3,"Affordable 15"" Touch Screen Monitor With Interactive Display Designed","KSh 14,499",Brand New,Other,MFANGANO STREETRWARE BUSINESS CENTRE 4TH FLOOR 404
https://jiji.co.ke/nairobi-central/computer-monitors/dahua-portable-monitor-C6LcGAyzilDHlYaUrNdxBVXY.html?page=13&pos=7&cur_pos=7&ads_per_page=24&ads_count=4951&lid=AARnmS7BHoA8CTBF&indexPosition=6,Dahua Portable Monitor,"KSh 17,500",Brand New,Dahua,Not available
https://jiji.co.ke/nairobi-central/computer-monitors/dell-ultrasharp-34-curved-usb-c-hub-monitor-6jZxN85pwwUsmJnmkB68M3H8.html?page=13&pos=10&cur_pos=10&ads_per_page=24&ads_count=4951&lid=AARnmS7BHoA8CTBF&indexPosition=9,Dell Ultrasharp 34 Curved USB-C Hub Monitor,"KSh 159,999",Brand New,Dell,P.O BOX 6991-00500
https://jiji.co.ke/nairobi-central/computer-monitors/lg-34inch-curved-monitor-49X1zszt8UXN0L9uP5tBmtmD.html?page=13&pos=13&cur_pos=13&ads_per_page=24&ads_count=4951&lid=AARnmS7BHoA8CTBF&indexPosition=12,LG 34inch Curved Monitor,"KSh 42,000",Refurbished,LG,Not available
https://jiji.co.ke/nairobi-central/computer-monitors/silver-dell-monitor-22-inch-feZrQ5b2IjvO3riXHC0gHI9k.html?page=13&pos=16&cur_pos=16&ads_per_page=24&ads_count=4951&lid=AARnmS7BHoA8CTBF&indexPosition=15,Silver Dell Monitor 22 Inch,"KSh 5,999",Refurbished,Dell,Old Nation House 1st Floor shop A14 Tom Mboya Street Opposite Fire station
https://jiji.co.ke/nairobi-central/computer-monitors/hp-frameless-monitor-icC32mQMkITK3bxHjVRQdlwE.html?page=13&pos=19&cur_pos=19&ads_per_page=24&ads_count=4951&lid=AARnmS7BHoA8CTBF&indexPosition=18,HP Frameless Monitor,"KSh 12,500",Refurbished,HP,Old Nation House 1st Floor shop A14 Tom Mboya Street Opposite Fire station
https://jiji.co.ke/nairobi-central/computer-monitors/asus-20-inches-wide-monitor-aSvKNXnSbfyvXJsAb6q7AXrC.html?page=13&pos=22&cur_pos=22&ads_per_page=24&ads_count=4951&lid=AARnmS7BHoA8CTBF&indexPosition=21,ASUS 20 Inches Wide Monitor,"KSh 3,500",Refurbished,Asus,imenti house along Tom Mboya street opposite dominion
https://jiji.co.ke/nairobi-central/computer-monitors/refurb-24-inch-hp-edge-to-edge-monitor-n8n9gU8nKL4ZUGVfJKMwsgFy.html?page=13&pos=2&cur_pos=2&ads_per_page=24&ads_count=4951&lid=AARnmS7BHoA8CTBF&indexPosition=1,Refurb 24 Inch Hp Edge to Edge Monitor,"KSh 11,999",Refurbished,HP,MFANGANO STREETRWARE BUSINESS CENTRE 4TH FLOOR 404
https://jiji.co.ke/nairobi-central/computer-monitors/samsung-viewfinity-s80pb-32-ips-uhd-usb-c-monitor-eR04ISwTeH9gDnzB18kNv4pv.html?page=13&pos=5&cur_pos=5&ads_per_page=24&ads_count=4951&lid=AARnmS7BHoA8CTBF&indexPosition=4,"Samsung Viewfinity S80pb 32"" Ips Uhd Usb-C Monitor","KSh 61,499",Brand New,Samsung,"Nairobi , Moi Avenue, Rahimtulla Trust Building, 2nd floor, right wing, shop 34.opposite Bihi towers"
https://jiji.co.ke/nairobi-central/computer-monitors/dell-24-monitor-p2422h-full-hd-1080p-comfortview-plus-7EG8quxCDREOczknPs4vtjDl.html?page=13&pos=8&cur_pos=8&ads_per_page=24&ads_count=4951&lid=AARnmS7BHoA8CTBF&indexPosition=7,"Dell 24 Monitor - P2422h - Full Hd 1080p, Comfortview Plus","KSh 12,999",Refurbished,Dell,"Nairobi , Moi Avenue, Rahimtulla Trust Building, 2nd floor, right wing, shop 34.opposite Bihi towers"
https://jiji.co.ke/nairobi-central/computer-monitors/iiyama-24-g-master-gaming-monitor-hdmi-1ms-1920-2D0mk9IvrBzvkZKzFleAV1Cy.html?page=13&pos=11&cur_pos=11&ads_per_page=24&ads_count=4951&lid=AARnmS7BHoA8CTBF&indexPosition=10,"Iiyama 24"" G-Master Gaming Monitor HDMI 1ms 1920","KSh 13,499",Refurbished,Iiyama,P.O BOX 6991-00500
https://jiji.co.ke/nairobi-central/computer-monitors/dell-p2722h-27-inches-fhd-monitor-fhYCVAadj0Jr2x0ADzcGLULp.html?page=13&pos=14&cur_pos=14&ads_per_page=24&ads_count=4951&lid=AARnmS7BHoA8CTBF&indexPosition=13,Dell P2722H 27 Inches FHD Monitor,"KSh 35,999",Brand New,Dell,Not available
https://jiji.co.ke/nairobi-central/computer-monitors/hp-m24f-23-8-inches-fhd-monitor-gmTVHDCFyOVmyO0wANtEyWj.html?page=13&pos=17&cur_pos=17&ads_per_page=24&ads_count=4951&lid=AARnmS7BHoA8CTBF&indexPosition=16,HP M24f 23.8 Inches FHD Monitor,"KSh 20,999",Brand New,HP,Not available
https://jiji.co.ke/nairobi-central/computer-monitors/22-streched-monitor-mHEzVv9lUftVT2GfKmAlwB7T.html?page=13&pos=20&cur_pos=20&ads_per_page=24&ads_count=4951&lid=AARnmS7BHoA8CTBF&indexPosition=19,"22"" Streched Monitor","KSh 4,500",Refurbished,BenQ,Not available
https://jiji.co.ke/nairobi-central/computer-monitors/22inches-dell-monitor-available-43L0A4035kLU8OwaSD7qqz4K.html?page=13&pos=23&cur_pos=23&ads_per_page=24&ads_count=4951&lid=AARnmS7BHoA8CTBF&indexPosition=22,22inches Dell Monitor Available,"KSh 4,500",Refurbished,Dell,imenti house along Tom Mboya street opposite dominion
https://jiji.co.ke/nairobi-central/computer-monitors/15-inch-touchscreen-metal-high-brightness-15inch-touchscreen-monitor-33MuUCLens2E1nRl5OrglqlI.html?page=13&pos=3&cur_pos=3&ads_per_page=24&ads_count=4951&lid=AARnmS7BHoA8CTBF&indexPosition=2,15 Inch Touchscreen Metal(High Brightness)15inch Touchscreen Monitor,"KSh 14,499",Brand New,Other,MFANGANO STREETRWARE BUSINESS CENTRE 4TH FLOOR 404
https://jiji.co.ke/nairobi-central/computer-monitors/hp-elitedisplay-e243d-24-edge-to-edge-monitor-mgToyQbxXcUbvLQEAVJDq5hT.html?page=13&pos=6&cur_pos=6&ads_per_page=24&ads_count=4951&lid=AARnmS7BHoA8CTBF&indexPosition=5,"HP Elitedisplay E243d 24"" EDGE TO EDGE Monitor","KSh 15,000",Refurbished,HP,"Nairobi , Moi Avenue, Rahimtulla Trust Building, 2nd floor, right wing, shop 34.opposite Bihi towers"
https://jiji.co.ke/nairobi-central/computer-monitors/touchscreen-22inches-monitor-tttMaXMviV6SPdzHAI3EDfK8.html?page=13&pos=9&cur_pos=9&ads_per_page=24&ads_count=4951&lid=AARnmS7BHoA8CTBF&indexPosition=8,Touchscreen 22inches Monitor,"KSh 15,500",Refurbished,Iiyama,Not available
https://jiji.co.ke/nairobi-central/computer-monitors/hp-x24c-23-6-fhd-curved-gaming-monitor-1920x-mXikqQNeLcdqtypDPnoi2z0k.html?page=13&pos=12&cur_pos=12&ads_per_page=24&ads_count=4951&lid=AARnmS7BHoA8CTBF&indexPosition=11,"HP X24c 23.6"" FHD Curved Gaming Monitor, 1920x","KSh 27,499",Brand New,HP,P.O BOX 6991-00500
https://jiji.co.ke/nairobi-central/computer-monitors/hp-24-inch-monitor-ddDG5P03ApaJjQDoL0TbaeX6.html?page=13&pos=15&cur_pos=15&ads_per_page=24&ads_count=4951&lid=AARnmS7BHoA8CTBF&indexPosition=14,HP 24 Inch Monitor,"KSh 6,800",Refurbished,HP,Old Nation House 1st Floor shop A14 Tom Mboya Street Opposite Fire station
https://jiji.co.ke/nairobi-central/computer-monitors/dell-e2016hv-19-5-inch-led-hd-backlit-monitor-Bqb42AsILiSmiS5N8XghHhwn.html?page=13&pos=18&cur_pos=18&ads_per_page=24&ads_count=4951&lid=AARnmS7BHoA8CTBF&indexPosition=17,Dell E2016HV 19.5 Inch LED HD Backlit Monitor,"KSh 14,499",Brand New,Dell,Not available
https://jiji.co.ke/nairobi-central/computer-monitors/23-monitor-eK8BRTssTQ6OTW94GDG9BUSx.html?page=13&pos=21&cur_pos=21&ads_per_page=24&ads_count=4951&lid=AARnmS7BHoA8CTBF&indexPosition=20,"23"" Monitor","KSh 5,500",Refurbished,Dell,Not available
https://jiji.co.ke/nairobi-central/computer-monitors/24-inches-edge-to-edge-monitor-1080-xqlgOzY8Nuou438cdzjSTrvd.html?page=13&pos=24&cur_pos=24&ads_per_page=24&ads_count=4951&lid=AARnmS7BHoA8CTBF&indexPosition=23,24 Inches Edge to Edge Monitor 1080,"KSh 12,000",Refurbished,HP,imenti house along Tom Mboya street opposite dominion
https://jiji.co.ke/nairobi-central/computer-monitors/samsung-m7-2024-smart-monitor32-va-uhd-m70d-smart-screen-rx5PMkIwL9WaojZOgsulw9Pa.html?page=14&pos=1&cur_pos=1&ads_per_page=24&ads_count=4838&lid=Nte76PDhx3gpsTnu&indexPosition=0,"Samsung M7 2024 Smart Monitor32"" Va Uhd M70d Smart Screen","KSh 65,999",Brand New,Samsung,"4P8J+5P Kianjai, Kenya"
https://jiji.co.ke/nairobi-central/computer-monitors/hp-27mq-27-inch-monitor-quad-hd-wHSyH0ILTAZ0CTOc3gIrfFwz.html?page=14&pos=4&cur_pos=4&ads_per_page=24&ads_count=4838&lid=Nte76PDhx3gpsTnu&indexPosition=3,HP 27MQ 27 Inch Monitor Quad HD,"KSh 27,999",Brand New,HP,"4P8J+5P Kianjai, Kenya"
https://jiji.co.ke/westlands/computer-monitors/lenovo-thinkvision-t27qd-40-monitor-usb-c-120hz-wqhd-2560-x1440-yIS0HECUB8sgL3fBcVRM3HEQ.html?page=14&pos=7&cur_pos=7&ads_per_page=24&ads_count=4838&lid=Nte76PDhx3gpsTnu&indexPosition=6,Lenovo Thinkvision T27qd-40 Monitor Usb C 120hz WQHD 2560 X1440,"KSh 95,000",Brand New,Lenovo,Westlands
https://jiji.co.ke/westlands/computer-monitors/dell-ultrasharp-27-4kuhd-usb-c-hub-monitor-u2723qe-uaa1mfRXICh4paF5qNHqZK8x.html?page=14&pos=10&cur_pos=10&ads_per_page=24&ads_count=4838&lid=Nte76PDhx3gpsTnu&indexPosition=9,Dell Ultrasharp 27 4kuhd Usb-C Hub Monitor - U2723qe,"KSh 129,999",Brand New,Dell,Westlands
https://jiji.co.ke/nairobi-central/computer-monitors/dell-24inch-monitor-model-u2417h-u2429h-yElItshMIzT0CaLXnjWvwYCO.html?page=14&pos=13&cur_pos=13&ads_per_page=24&ads_count=4838&lid=Nte76PDhx3gpsTnu&indexPosition=12,Dell 24inch Monitor  Model: U2417h/U2429h,"KSh 12,000",Refurbished,Dell,Not available
https://jiji.co.ke/nairobi-central/computer-monitors/hp-24inch-frameless-monitor-model-e24-g4-1080p-fhd-60hz-vb8XohSh9MU3RMRzHa2s4AWt.html?page=14&pos=16&cur_pos=16&ads_per_page=24&ads_count=4838&lid=Nte76PDhx3gpsTnu&indexPosition=15,"Hp 24inch Frameless Monitor 
 Model : E24 G4 
 1080p FHD 
 60hz","KSh 12,000",Refurbished,HP,Location: Along Tom mboya street  Opposite  Fire Station Pioneer Tom mboya street 3rd floor  room 30
https://jiji.co.ke/nairobi-central/computer-monitors/lenovo-d19-10-18-5-hd-monitor-black-color-8ucoKsUXgUVZWtRIZhbVoStx.html?page=14&pos=19&cur_pos=19&ads_per_page=24&ads_count=4838&lid=Nte76PDhx3gpsTnu&indexPosition=18,"""Lenovo D19-10 18.5"""" HD Monitor, Black Color,","KSh 11,000",Brand New,Lenovo,13965
https://jiji.co.ke/nairobi-central/computer-monitors/hp-527sa-series-5-27-fhd-monitor-nISi6VPH8bGRWhWolAPsg6Lc.html?page=14&pos=22&cur_pos=22&ads_per_page=24&ads_count=4838&lid=Nte76PDhx3gpsTnu&indexPosition=21,"Hp 527sa Series 5 27"" FHD Monitor","KSh 24,499",Brand New,HP,TURKANA BUSINESS CENTER 1st FLOOR Shop A15 Moi avenue just few meters from MKU Tower.
https://jiji.co.ke/nairobi-central/computer-monitors/dell-p2419h-full-hd-24-lcd-monitor-mzHNiXJeX5HqQ0jIIZReBBzb.html?page=14&pos=2&cur_pos=2&ads_per_page=24&ads_count=4838&lid=Nte76PDhx3gpsTnu&indexPosition=1,Dell P2419H Full HD 24′′ LCD Monitor,"KSh 27,500",Brand New,Dell,Old Mutual Building 3rd Floor Room 335 along Kimathi street
https://jiji.co.ke/nairobi-central/computer-monitors/hp-monitor-27f-afficheur-f1uZcpbHwy3RylVsFFe9T3xm.html?page=14&pos=5&cur_pos=5&ads_per_page=24&ads_count=4838&lid=Nte76PDhx3gpsTnu&indexPosition=4,Hp Monitor (27f) Afficheur,"KSh 59,999",Brand New,HP,"4P8J+5P Kianjai, Kenya"
https://jiji.co.ke/westlands/computer-monitors/dell-ultrasharp-43-inches-uhd-usb-c-hub-monitor-u4323qe-39KqH67IOxcENsIlDl2b9ff6.html?page=14&pos=8&cur_pos=8&ads_per_page=24&ads_count=4838&lid=Nte76PDhx3gpsTnu&indexPosition=7,Dell Ultrasharp 43 Inches Uhd USB-C Hub Monitor - U4323qe,"KSh 249,000",Brand New,Dell,Westlands
https://jiji.co.ke/nairobi-central/computer-monitors/samsung-32-essential-s3-100hz-full-hd-monitor-A7xf82rqKokx1fOIbnG7mE8b.html?page=14&pos=11&cur_pos=11&ads_per_page=24&ads_count=4838&lid=Nte76PDhx3gpsTnu&indexPosition=10,"Samsung 32"" Essential S3 100hz Full Hd Monitor","KSh 32,000",Brand New,Samsung,Rural Urban Credit Finance House tom mboya Street Opposite National Achieves  Shop No C6
https://jiji.co.ke/nairobi-central/computer-monitors/google-p2719ec-monitor-size-27-inch-drQ0Is2vJCRl7sPuzdqfAaKq.html?page=14&pos=14&cur_pos=14&ads_per_page=24&ads_count=4838&lid=Nte76PDhx3gpsTnu&indexPosition=13,"Google P2719ec Monitor 
Size:27 Inch","KSh 18,500",Refurbished,Google P2719EC,Not available
https://jiji.co.ke/nairobi-central/computer-monitors/hp-e223-monitor-22-inch-vga-hdmi-display-60hz-u8Rka9ErG5GjK5Jyem9iFgGm.html?page=14&pos=17&cur_pos=17&ads_per_page=24&ads_count=4838&lid=Nte76PDhx3gpsTnu&indexPosition=16,"HP E223 Monitor
22 Inch 
Vga/Hdmi/Display 
 
60hz","KSh 10,000",Refurbished,HP,Location: Along Tom mboya street  Opposite  Fire Station Pioneer Tom mboya street 3rd floor  room 30
https://jiji.co.ke/nairobi-central/computer-monitors/lenovo-thinkvision-p25i-30-24-5-fhd-monitor-i5zELegeu3wckU9S4T5477EI.html?page=14&pos=20&cur_pos=20&ads_per_page=24&ads_count=4838&lid=Nte76PDhx3gpsTnu&indexPosition=19,"Lenovo ThinkVision P25i-30 24.5"""" FHD Monitor","KSh 29,500",Brand New,Lenovo,13965
https://jiji.co.ke/nairobi-central/computer-monitors/hp-s5-527sf-27-fhd-monitor-27-5pVX3NynnY4FHSJszZNceMOL.html?page=14&pos=23&cur_pos=23&ads_per_page=24&ads_count=4838&lid=Nte76PDhx3gpsTnu&indexPosition=22,Hp S5 527sf 27'' FHD Monitor 27'',"KSh 23,999",Brand New,HP,TURKANA BUSINESS CENTER 1st FLOOR Shop A15 Moi avenue just few meters from MKU Tower.
https://jiji.co.ke/nairobi-central/computer-monitors/hp-m27f-hp-m27f-monitor-m27f-monitor-m27f-tKZcW3lBAmtlpaqcRZ6tjhA9.html?page=14&pos=3&cur_pos=3&ads_per_page=24&ads_count=4838&lid=Nte76PDhx3gpsTnu&indexPosition=2,Hp M27f || Hp M27F Monitor || M27f~Monitor~M27f,"KSh 22,499",Brand New,HP,Old Mutual Building 3rd Floor Room 335 along Kimathi street
https://jiji.co.ke/nairobi-central/computer-monitors/dell-e2422hn-23-8-16-9-ips-monitor-awGT8Tx4kMx0YnOJoylEgrCJ.html?page=14&pos=6&cur_pos=6&ads_per_page=24&ads_count=4838&lid=Nte76PDhx3gpsTnu&indexPosition=5,"Dell E2422HN 23.8"" 16:9 IPS Monitor","KSh 20,999",Brand New,Dell,Old Mutual Building 3rd Floor Room 335 along Kimathi street
https://jiji.co.ke/nairobi-central/computer-monitors/samsung-27-essential-monitor-s3-s31c-8CgsIGCMDEVdClxOJ2NsVAzI.html?page=14&pos=9&cur_pos=9&ads_per_page=24&ads_count=4838&lid=Nte76PDhx3gpsTnu&indexPosition=8,"Samsung 27"" Essential Monitor S3 S31C","KSh 24,998",Brand New,Samsung,Rural Urban Credit Finance House tom mboya Street Opposite National Achieves  Shop No C6
https://jiji.co.ke/nairobi-central/computer-monitors/dahua-portable-monitor-non-touch-abKmOQxJNHEOgbPcqea0aKra.html?page=14&pos=12&cur_pos=12&ads_per_page=24&ads_count=4838&lid=Nte76PDhx3gpsTnu&indexPosition=11,Dahua Portable Monitor Non-Touch,"KSh 13,500",Brand New,Other,Rural Urban Credit Finance House tom mboya Street Opposite National Achieves  Shop No C6
https://jiji.co.ke/nairobi-central/computer-monitors/gameon-arctic-pro-series-27-inch-all-white-gaming-monitor-C3ToqhMvTDJuJrPo2f9x4axX.html?page=14&pos=15&cur_pos=15&ads_per_page=24&ads_count=4838&lid=Nte76PDhx3gpsTnu&indexPosition=14,Gameon Arctic Pro Series 27 Inch All White Gaming Monitor,"KSh 32,500",Brand New,Gameon Arctic pro,Not available
https://jiji.co.ke/nairobi-central/computer-monitors/dell-22-inch-framed-monitor-vga-display-dvi-fOtacdrqKkcHLPUYQFZLRAJe.html?page=14&pos=18&cur_pos=18&ads_per_page=24&ads_count=4838&lid=Nte76PDhx3gpsTnu&indexPosition=17,"Dell 22 Inch Framed Monitor 
Vga/Display/Dvi","KSh 6,000",Refurbished,Dell,Location: Along Tom mboya street  Opposite  Fire Station Pioneer Tom mboya street 3rd floor  room 30
https://jiji.co.ke/nairobi-central/computer-monitors/dell-e2725hm-27-fhd-monitor-black-color-aKxau0aS9KRZGl2YM5snBxAn.html?page=14&pos=21&cur_pos=21&ads_per_page=24&ads_count=4838&lid=Nte76PDhx3gpsTnu&indexPosition=20,"Dell E2725HM 27"""" FHD Monitor, Black Color","KSh 22,500",Brand New,Dell,13965
https://jiji.co.ke/nairobi-central/computer-monitors/samsung-49-odyssey-g9-gaming-monitor-s40G0BbxJxepKJCQaUwbDZcG.html?page=14&pos=24&cur_pos=24&ads_per_page=24&ads_count=4838&lid=Nte76PDhx3gpsTnu&indexPosition=23,Samsung 49′′ Odyssey G9 Gaming Monitor,"KSh 159,999",Brand New,Samsung,TURKANA BUSINESS CENTER 1st FLOOR Shop A15 Moi avenue just few meters from MKU Tower.
https://jiji.co.ke/nairobi-central/computer-monitors/lenovo-g27qe-20-27-qhd-gaming-monitor-g27qe-20-lenovo-e0OmIDC2ZKwfqwhNMx93FRyD.html?page=15&pos=1&cur_pos=1&ads_per_page=24&ads_count=4838&lid=meefDDH_y8vaiz3_&indexPosition=0,"Lenovo G27qe-20 27"" QHD Gaming Monitor/G27qe-20 Lenovo.","KSh 34,499",Brand New,Lenovo,"Located Kimathi Street, Pioneer Building 4th Flr, Room 4.Next to Nation Centre Opposite Stanbic Bank"
https://jiji.co.ke/nairobi-central/computer-monitors/lenovo-l15-15-6-fhd-usb-c-portable-monitor-connectivity-2-usb-c-rIilXgmmHaypewrzyndEnKIb.html?page=15&pos=4&cur_pos=4&ads_per_page=24&ads_count=4838&lid=meefDDH_y8vaiz3_&indexPosition=3,"Lenovo L15 15.6 FHD Usb-C Portable Monitor, Connectivity 2 Usb-C","KSh 29,999",Brand New,Lenovo,Rahimtulla trust building first floor shop 12 along moi avenue opposite Bihi towers
https://jiji.co.ke/nairobi-central/computer-monitors/affordable-15-touch-screen-monitor-with-interactive-display-designed-crx3XrI4RQQLssXOUs1Bqr6J.html?page=15&pos=7&cur_pos=7&ads_per_page=24&ads_count=4838&lid=meefDDH_y8vaiz3_&indexPosition=6,"Affordable 15"" Touch Screen Monitor With Interactive Display Designed","KSh 14,499",Brand New,Other,MFANGANO STREETRWARE BUSINESS CENTRE 4TH FLOOR 404
https://jiji.co.ke/nairobi-central/computer-monitors/hp-z24i-g2-24-monitor-1920-x-1200-vga-displayport-hdmi-in3ORXbVejXWNcQrSTggf9NG.html?page=15&pos=10&cur_pos=10&ads_per_page=24&ads_count=4838&lid=meefDDH_y8vaiz3_&indexPosition=9,"Hp Z24i G2 24"" Monitor 1920 X 1200, Vga, Displayport, Hdmi","KSh 9,999",Refurbished,HP,"Nairobi , Moi Avenue, Rahimtulla Trust Building, 2nd floor, right wing, shop 34.opposite Bihi towers"
https://jiji.co.ke/nairobi-central/computer-monitors/hp-frameless-monitor-icC32mQMkITK3bxHjVRQdlwE.html?page=15&pos=13&cur_pos=13&ads_per_page=24&ads_count=4838&lid=meefDDH_y8vaiz3_&indexPosition=12,HP Frameless Monitor,"KSh 12,500",Refurbished,HP,Old Nation House 1st Floor shop A14 Tom Mboya Street Opposite Fire station
https://jiji.co.ke/nairobi-central/computer-monitors/dell-s2421hn-23-8-fhd-monitor-silver-color-connectivity-5RWWUQRhVigz8FPFj7dA1b2Y.html?page=15&pos=16&cur_pos=16&ads_per_page=24&ads_count=4838&lid=meefDDH_y8vaiz3_&indexPosition=15,"Dell S2421HN 23.8"" FHD Monitor, Silver Color, Connectivity :","KSh 22,499",Brand New,Dell,P.O BOX 6991-00500
https://jiji.co.ke/nairobi-central/computer-monitors/22-streched-monitor-mHEzVv9lUftVT2GfKmAlwB7T.html?page=15&pos=19&cur_pos=19&ads_per_page=24&ads_count=4838&lid=meefDDH_y8vaiz3_&indexPosition=18,"22"" Streched Monitor","KSh 4,500",Refurbished,BenQ,Not available
https://jiji.co.ke/nairobi-central/computer-monitors/20-inches-lenovo-monitor-refurbished-3KVus0lUR5HNTMjCQxqyuzZ6.html?page=15&pos=22&cur_pos=22&ads_per_page=24&ads_count=4838&lid=meefDDH_y8vaiz3_&indexPosition=21,20 Inches Lenovo Monitor Refurbished,"KSh 3,500",Refurbished,Lenovo,imenti house along Tom Mboya street opposite dominion
https://jiji.co.ke/nairobi-central/computer-monitors/lenovo-thinkvision-s24i-30-23-8-fhd-monitor-raven-black-dlmqLzC9A1fADKZtAUjHTQWd.html?page=15&pos=2&cur_pos=2&ads_per_page=24&ads_count=4838&lid=meefDDH_y8vaiz3_&indexPosition=1,"Lenovo Thinkvision S24i-30 23.8"" FHD Monitor Raven Black","KSh 17,499",Brand New,Lenovo,"Located Kimathi Street, Pioneer Building 4th Flr, Room 4.Next to Nation Centre Opposite Stanbic Bank"
https://jiji.co.ke/nairobi-central/computer-monitors/dell-u2520d-ultrasharp-25-inch-qhd-monitor-with-an-ips-panel-dwjdFtxB8N6j2gmq31Ruz3oK.html?page=15&pos=5&cur_pos=5&ads_per_page=24&ads_count=4838&lid=meefDDH_y8vaiz3_&indexPosition=4,Dell U2520d Ultrasharp 25-inch Qhd Monitor With An Ips Panel,"KSh 19,499",Refurbished,Dell,Rahimtulla trust building first floor shop 12 along moi avenue opposite Bihi towers
https://jiji.co.ke/nairobi-central/computer-monitors/hp-monitor-24-inches-with-hdmi-port-boN4KdZScMlqWrG7JoqKqbLt.html?page=15&pos=8&cur_pos=8&ads_per_page=24&ads_count=4838&lid=meefDDH_y8vaiz3_&indexPosition=7,"Hp Monitor 24""Inches With Hdmi Port","KSh 12,000",Refurbished,HP,MFANGANO STREETRWARE BUSINESS CENTRE 4TH FLOOR 404
https://jiji.co.ke/nairobi-central/computer-monitors/dell-p2422h-24-inch-fhd-1920x1080-dp-hdmi-slim-lcd-monitor-hI1V1y5ObJURiaOGMEycsDZ9.html?page=15&pos=11&cur_pos=11&ads_per_page=24&ads_count=4838&lid=meefDDH_y8vaiz3_&indexPosition=10,"Dell P2422h 24"" Inch FHD 1920x1080 Dp Hdmi Slim LCD Monitor","KSh 12,500",Refurbished,Dell,"Nairobi , Moi Avenue, Rahimtulla Trust Building, 2nd floor, right wing, shop 34.opposite Bihi towers"
https://jiji.co.ke/nairobi-central/computer-monitors/view-sonic-22-inch-monitor-fxOPQS5dCipzgIAkeHGKLrY1.html?page=15&pos=14&cur_pos=14&ads_per_page=24&ads_count=4838&lid=meefDDH_y8vaiz3_&indexPosition=13,View Sonic 22 Inch Monitor,"KSh 6,999",Refurbished,ViewSonic,Old Nation House 1st Floor shop A14 Tom Mboya Street Opposite Fire station
https://jiji.co.ke/nairobi-central/computer-monitors/dell-ultrasharp-u4924dw-curved-monitor-mmQ9bysoDMc0Jn1GMFVESF9C.html?page=15&pos=17&cur_pos=17&ads_per_page=24&ads_count=4838&lid=meefDDH_y8vaiz3_&indexPosition=16,Dell Ultrasharp U4924dw Curved Monitor,"KSh 177,999",Brand New,Dell,P.O BOX 6991-00500
https://jiji.co.ke/nairobi-central/computer-monitors/asus-20-inches-wide-monitor-aSvKNXnSbfyvXJsAb6q7AXrC.html?page=15&pos=20&cur_pos=20&ads_per_page=24&ads_count=4838&lid=meefDDH_y8vaiz3_&indexPosition=19,ASUS 20 Inches Wide Monitor,"KSh 3,500",Refurbished,Asus,imenti house along Tom Mboya street opposite dominion
https://jiji.co.ke/nairobi-central/computer-monitors/hp-19inch-wide-monitor-OQlwJLpDc1qbIp6bvlyz2CP.html?page=15&pos=23&cur_pos=23&ads_per_page=24&ads_count=4838&lid=meefDDH_y8vaiz3_&indexPosition=22,Hp 19inch Wide Monitor,"KSh 3,700",Refurbished,HP,Not available
https://jiji.co.ke/nairobi-central/computer-monitors/hp-527sf-series-5-27-full-hd-1920x1080-monitor-bv3rUkSk6HnFYEHDZnP0KUwT.html?page=15&pos=3&cur_pos=3&ads_per_page=24&ads_count=4838&lid=meefDDH_y8vaiz3_&indexPosition=2,"Hp 527sf Series 5 27"" Full Hd 1920x1080 Monitor","KSh 25,499",Brand New,HP,"Located Kimathi Street, Pioneer Building 4th Flr, Room 4.Next to Nation Centre Opposite Stanbic Bank"
https://jiji.co.ke/nairobi-central/computer-monitors/dell-ultrasharp-u2520d-25-inch-2560x1440-pixels-qhd-monitor-dD9ijKBQ49tS9Ar9BQy7ViQu.html?page=15&pos=6&cur_pos=6&ads_per_page=24&ads_count=4838&lid=meefDDH_y8vaiz3_&indexPosition=5,Dell Ultrasharp U2520d 25-Inch 2560x1440 Pixels QHD Monitor,"KSh 15,499",Refurbished,Dell,Rahimtulla trust building first floor shop 12 along moi avenue opposite Bihi towers
https://jiji.co.ke/nairobi-central/computer-monitors/edge-to-edge-24inch-hp-monitor-with-hdmi-port-zj9iNF3ktpU8lMLenKKimQbF.html?page=15&pos=9&cur_pos=9&ads_per_page=24&ads_count=4838&lid=meefDDH_y8vaiz3_&indexPosition=8,Edge to Edge 24inch Hp Monitor With Hdmi Port,"KSh 11,999",Brand New,HP,MFANGANO STREETRWARE BUSINESS CENTRE 4TH FLOOR 404
https://jiji.co.ke/nairobi-central/computer-monitors/dell-p2422h-23-8-widescreen-ips-fhd-monitor-2X3lfzUJceg9SPeZR2nu2kJC.html?page=15&pos=12&cur_pos=12&ads_per_page=24&ads_count=4838&lid=meefDDH_y8vaiz3_&indexPosition=11,"Dell P2422h 23.8"" Widescreen Ips FHD Monitor","KSh 13,000",Refurbished,Dell,"Nairobi , Moi Avenue, Rahimtulla Trust Building, 2nd floor, right wing, shop 34.opposite Bihi towers"
https://jiji.co.ke/nairobi-central/computer-monitors/lenovo-d24-40-23-8inch-monitor-67a2kcc6us-wxVqhJrwmOi6pKyfwQ6Pqn3R.html?page=15&pos=15&cur_pos=15&ads_per_page=24&ads_count=4838&lid=meefDDH_y8vaiz3_&indexPosition=14,Lenovo D24-40 23.8inch Monitor | 67A2KCC6US,"KSh 24,999",Brand New,Lenovo,P.O BOX 6991-00500
https://jiji.co.ke/nairobi-central/computer-monitors/23-monitor-eK8BRTssTQ6OTW94GDG9BUSx.html?page=15&pos=18&cur_pos=18&ads_per_page=24&ads_count=4838&lid=meefDDH_y8vaiz3_&indexPosition=17,"23"" Monitor","KSh 5,500",Refurbished,Dell,Not available
https://jiji.co.ke/nairobi-central/computer-monitors/17-monitor-2NbzszBo0dM1A3jGvj3zQLXR.html?page=15&pos=21&cur_pos=21&ads_per_page=24&ads_count=4838&lid=meefDDH_y8vaiz3_&indexPosition=20,"17""monitor","KSh 3,000",Refurbished,HP,Not available
https://jiji.co.ke/nairobi-central/computer-monitors/22inches-dell-monitor-available-43L0A4035kLU8OwaSD7qqz4K.html?page=15&pos=24&cur_pos=24&ads_per_page=24&ads_count=4838&lid=meefDDH_y8vaiz3_&indexPosition=23,22inches Dell Monitor Available,"KSh 4,500",Refurbished,Dell,imenti house along Tom Mboya street opposite dominion
https://jiji.co.ke/nairobi-central/computer-monitors/27-inches-monitor-dell-normal-1920x1080-itNihHtVP7XBzJSHIxLueGvI.html?page=16&pos=1&cur_pos=1&ads_per_page=24&ads_count=4939&lid=ARoZYAKZGe-GZ0lH&indexPosition=0,27 Inches Monitor Dell Normal 1920×1080,"KSh 10,000",Refurbished,Dell,imenti house along Tom Mboya street opposite dominion
https://jiji.co.ke/nairobi-central/computer-monitors/huawei-23-8-monitor-black-color-95rFKf4tndBVDmgFqRq2oD5k.html?page=16&pos=4&cur_pos=4&ads_per_page=24&ads_count=4939&lid=ARoZYAKZGe-GZ0lH&indexPosition=3,"Huawei 23.8"" Monitor, Black Color","KSh 18,998",Brand New,Other,Kimathi Street
https://jiji.co.ke/nairobi-central/computer-monitors/19-inches-dell-stretched-monitor-s0CYXiSyP9W2jVFHQ6l49DE.html?page=16&pos=7&cur_pos=7&ads_per_page=24&ads_count=4939&lid=ARoZYAKZGe-GZ0lH&indexPosition=6,19 Inches Dell Stretched Monitor,"KSh 3,500",Refurbished,Dell,Not available
https://jiji.co.ke/nairobi-central/computer-monitors/hp-m24f-23-8-inches-fhd-monitor-gmTVHDCFyOVmyO0wANtEyWj.html?page=16&pos=10&cur_pos=10&ads_per_page=24&ads_count=4939&lid=ARoZYAKZGe-GZ0lH&indexPosition=9,HP M24f 23.8 Inches FHD Monitor,"KSh 20,999",Brand New,HP,Not available
https://jiji.co.ke/nairobi-central/computer-monitors/dell-e2422hn-23-8-inch-60-50-cm-led-backlit-monitor-dmi-po-dRYZ40HiVfZbysib0vCxp1EO.html?page=16&pos=13&cur_pos=13&ads_per_page=24&ads_count=4939&lid=ARoZYAKZGe-GZ0lH&indexPosition=12,Dell E2422HN 23.8 Inch (60.50 Cm) LED Backlit Monitor DMI Po,"KSh 20,999",Brand New,Dell,Old Mutual Building 3rd Floor Room 335 along Kimathi street
https://jiji.co.ke/nairobi-central/computer-monitors/samsung-m7-m70f-32-hdr-smart-monitor-d83ux4JgKohdbSEcHzt1aoRC.html?page=16&pos=16&cur_pos=16&ads_per_page=24&ads_count=4939&lid=ARoZYAKZGe-GZ0lH&indexPosition=15,"Samsung M7 M70f 32"" HDR Smart Monitor","KSh 56,500",Brand New,Samsung,Rural Urban Credit Finance House tom mboya Street Opposite National Achieves  Shop No C6
https://jiji.co.ke/nairobi-central/computer-monitors/hp-24inch-monitor-model-e243-fKAhcoAxayevz83noRfhMOjw.html?page=16&pos=19&cur_pos=19&ads_per_page=24&ads_count=4939&lid=ARoZYAKZGe-GZ0lH&indexPosition=18,Hp 24inch Monitor  Model: E243,"KSh 12,000",Refurbished,HP,Not available
https://jiji.co.ke/nairobi-central/computer-monitors/hp-p22h-g4-22-inch-monitor-full-hd-1080-1920-60hz-hdmi-display-vga-ngpdOgyOiicWPKDCiXpOfhdy.html?page=16&pos=22&cur_pos=22&ads_per_page=24&ads_count=4939&lid=ARoZYAKZGe-GZ0lH&indexPosition=21,"HP P22h G4 22 Inch Monitor Full Hd 1080*1920
60hz
Hdmi/Display/Vga","KSh 9,000",Refurbished,HP,Location: Along Tom mboya street  Opposite  Fire Station Pioneer Tom mboya street 3rd floor  room 30
https://jiji.co.ke/nairobi-central/computer-monitors/hp-m22f-fhd-monitor-m31369-004-21-5-inch-display-rlEp7381c2x8PWptC2ONdzVA.html?page=16&pos=2&cur_pos=2&ads_per_page=24&ads_count=4939&lid=ARoZYAKZGe-GZ0lH&indexPosition=1,"HP M22F FHD Monitor (M31369-004) - 21.5"" Inch Display","KSh 17,799",Brand New,HP,Kimathi Street
https://jiji.co.ke/nairobi-central/computer-monitors/dell-p2722h-27-inches-fhd-monitor-fhYCVAadj0Jr2x0ADzcGLULp.html?page=16&pos=5&cur_pos=5&ads_per_page=24&ads_count=4939&lid=ARoZYAKZGe-GZ0lH&indexPosition=4,Dell P2722H 27 Inches FHD Monitor,"KSh 35,999",Brand New,Dell,Not available
https://jiji.co.ke/nairobi-central/computer-monitors/24-inch-monitor-7xerqpxfJ045gCxZHz8tUCeP.html?page=16&pos=8&cur_pos=8&ads_per_page=24&ads_count=4939&lid=ARoZYAKZGe-GZ0lH&indexPosition=7,24 Inch Monitor,"KSh 6,500",Refurbished,Dell,Not available
https://jiji.co.ke/nairobi-central/computer-monitors/benq-gw2780-27-fhd-monitor-integrated-speakers-black-colo-mrtCkl3sQYSoshJTkZllgqNu.html?page=16&pos=11&cur_pos=11&ads_per_page=24&ads_count=4939&lid=ARoZYAKZGe-GZ0lH&indexPosition=10,"Benq GW2780 27"" FHD Monitor, Integrated Speakers, Black Colo","KSh 26,499",Brand New,BenQ,Old Mutual Building 3rd Floor Room 335 along Kimathi street
https://jiji.co.ke/nairobi-central/computer-monitors/msi-gaming-monitor-34-inch-uwqhd-cDcFxkcfbzQHeejsUGW4xZOy.html?page=16&pos=14&cur_pos=14&ads_per_page=24&ads_count=4939&lid=ARoZYAKZGe-GZ0lH&indexPosition=13,Msi Gaming Monitor 34 Inch Uwqhd,"KSh 67,999",Brand New,MSI,"4P8J+5P Kianjai, Kenya"
https://jiji.co.ke/nairobi-central/computer-monitors/lg-ultrawide-monitor-lg34bn770-aRSCyMvkOsWTl0CZDycw34XZ.html?page=16&pos=17&cur_pos=17&ads_per_page=24&ads_count=4939&lid=ARoZYAKZGe-GZ0lH&indexPosition=16,LG Ultrawide Monitor LG34BN770,"KSh 59,999",Brand New,LG,"4P8J+5P Kianjai, Kenya"
https://jiji.co.ke/nairobi-central/computer-monitors/secureye-34inch-curved-monitor-ips-panel-120hz-refesh-rate-fMUSQqOVlToqIe5TqG5SbXXe.html?page=16&pos=20&cur_pos=20&ads_per_page=24&ads_count=4939&lid=ARoZYAKZGe-GZ0lH&indexPosition=19,"Secureye 34inch Curved Monitor ,
Ips Panel 
 120hz Refesh Rate","KSh 45,000",Refurbished,Other,Location: Along Tom mboya street  Opposite  Fire Station Pioneer Tom mboya street 3rd floor  room 30
https://jiji.co.ke/nairobi-central/computer-monitors/lenovo-thinkvision-e24-40-23-8-fhd-monitor-oClZ1DvntWva4Ev59seWDu7z.html?page=16&pos=23&cur_pos=23&ads_per_page=24&ads_count=4939&lid=ARoZYAKZGe-GZ0lH&indexPosition=22,"Lenovo ThinkVision E24-40 23.8"""" FHD Monitor","KSh 21,000",Brand New,Lenovo,13965
https://jiji.co.ke/nairobi-central/computer-monitors/hp-n246v-23-8-inch-monitor-x2992AiqrC7yCFNpygfH6oUA.html?page=16&pos=3&cur_pos=3&ads_per_page=24&ads_count=4939&lid=ARoZYAKZGe-GZ0lH&indexPosition=2,Hp N246v 23.8-Inch Monitor,"KSh 14,450",Brand New,HP,Kimathi Street
https://jiji.co.ke/nairobi-central/computer-monitors/hp-l1908wi-19-inches-wide-monitor-2PS7otTPVR86wA3alhH0GNTk.html?page=16&pos=6&cur_pos=6&ads_per_page=24&ads_count=4939&lid=ARoZYAKZGe-GZ0lH&indexPosition=5,HP L1908wi 19 Inches Wide Monitor,"KSh 3,500",Refurbished,HP,imenti house along Tom Mboya street opposite dominion
https://jiji.co.ke/nairobi-central/computer-monitors/dell-e2016hv-19-5-inch-led-hd-backlit-monitor-Bqb42AsILiSmiS5N8XghHhwn.html?page=16&pos=9&cur_pos=9&ads_per_page=24&ads_count=4939&lid=ARoZYAKZGe-GZ0lH&indexPosition=8,Dell E2016HV 19.5 Inch LED HD Backlit Monitor,"KSh 14,499",Brand New,Dell,Not available
https://jiji.co.ke/nairobi-central/computer-monitors/hp-x24c-gaming-144hz-monitor-tYg5LtqcCPK58OEejvvEG39i.html?page=16&pos=12&cur_pos=12&ads_per_page=24&ads_count=4939&lid=ARoZYAKZGe-GZ0lH&indexPosition=11,Hp X24c Gaming 144hz Monitor,"KSh 27,489",Brand New,HP,Old Mutual Building 3rd Floor Room 335 along Kimathi street
https://jiji.co.ke/nairobi-central/computer-monitors/hp-series-5-532sf-monitor-nsjEAEv0kcoYk5aSxUNg3EFD.html?page=16&pos=15&cur_pos=15&ads_per_page=24&ads_count=4939&lid=ARoZYAKZGe-GZ0lH&indexPosition=14,Hp Series 5 532sf Monitor,"KSh 36,999",Brand New,HP,"4P8J+5P Kianjai, Kenya"
https://jiji.co.ke/nairobi-central/computer-monitors/samsung-s8-viewfinity-37inch-monitor-dZTiJIrWZ75lcjkn2XocjU7c.html?page=16&pos=18&cur_pos=18&ads_per_page=24&ads_count=4939&lid=ARoZYAKZGe-GZ0lH&indexPosition=17,Samsung S8 Viewfinity 37inch Monitor,"KSh 73,000",Brand New,Samsung,Rural Urban Credit Finance House tom mboya Street Opposite National Achieves  Shop No C6
https://jiji.co.ke/nairobi-central/computer-monitors/lg-34cb99-34-inches-curved-monitor-wqhd-3440x1440-6mvz47ayhMgBoSqwEIcfpFun.html?page=16&pos=21&cur_pos=21&ads_per_page=24&ads_count=4939&lid=ARoZYAKZGe-GZ0lH&indexPosition=20,"LG 34CB99 34 Inches Curved Monitor,WQHD 3440×1440","KSh 45,999",Refurbished,LG,Location: Along Tom mboya street  Opposite  Fire Station Pioneer Tom mboya street 3rd floor  room 30
https://jiji.co.ke/nairobi-central/computer-monitors/lenovo-d19-10-18-5-hd-monitor-black-color-8ucoKsUXgUVZWtRIZhbVoStx.html?page=16&pos=24&cur_pos=24&ads_per_page=24&ads_count=4939&lid=ARoZYAKZGe-GZ0lH&indexPosition=23,"""Lenovo D19-10 18.5"""" HD Monitor, Black Color,","KSh 11,000",Brand New,Lenovo,13965
https://jiji.co.ke/nairobi-central/computer-monitors/lenovo-thinkvision-t34wd-40-34-ultrawide-qhd-curved-monitor-z5Iz4s4A5ijCIo50KOhxszJc.html?page=17&pos=1&cur_pos=1&ads_per_page=24&ads_count=4951&lid=tiIs5EnQcF_Ee6n9&indexPosition=0,"Lenovo ThinkVision T34wd-40 34""Ultrawide QHD Curved Monitor","KSh 68,000",Brand New,Lenovo,13965
https://jiji.co.ke/nairobi-central/computer-monitors/hp-m27-webcam-monitor-aEmP33AnLfNwWXFTK8iNDOJD.html?page=17&pos=4&cur_pos=4&ads_per_page=24&ads_count=4951&lid=tiIs5EnQcF_Ee6n9&indexPosition=3,Hp M27 Webcam Monitor,"KSh 44,499",Brand New,HP,TURKANA BUSINESS CENTER 1st FLOOR Shop A15 Moi avenue just few meters from MKU Tower.
https://jiji.co.ke/nairobi-central/computer-monitors/dell-p2721q-27-uhd-monitor-5txVXfElTaSExXXB2eRIPOHN.html?page=17&pos=7&cur_pos=7&ads_per_page=24&ads_count=4951&lid=tiIs5EnQcF_Ee6n9&indexPosition=6,Dell P2721Q 27′′ UHD Monitor,"KSh 47,999",Brand New,Dell,"Located Kimathi Street, Pioneer Building 4th Flr, Room 4.Next to Nation Centre Opposite Stanbic Bank"
https://jiji.co.ke/nairobi-central/computer-monitors/dell-24-monitor-p2422h-full-hd-1080p-mgP493oD6s9Ksb9TsS0JKtmE.html?page=17&pos=10&cur_pos=10&ads_per_page=24&ads_count=4951&lid=tiIs5EnQcF_Ee6n9&indexPosition=9,Dell 24 Monitor - P2422h - Full Hd 1080p,"KSh 15,000",Refurbished,Dell,Rahimtulla trust building first floor shop 12 along moi avenue opposite Bihi towers
https://jiji.co.ke/nairobi-central/computer-monitors/dell-27-inch-usbc-hub-monitor-p2725he-u9vAR8gVGwuRU6rkMESvwRGq.html?page=17&pos=13&cur_pos=13&ads_per_page=24&ads_count=4951&lid=tiIs5EnQcF_Ee6n9&indexPosition=12,Dell 27 Inch Usbc Hub Monitor P2725he,"KSh 22,999",Brand New,Dell,"Nairobi , Moi Avenue, Rahimtulla Trust Building, 2nd floor, right wing, shop 34.opposite Bihi towers"
https://jiji.co.ke/nairobi-central/computer-monitors/hp-m24f-23-8-inch-ultraslim-fhd-monitor-2d9k0e9-zRw3g3tcOt19RKs788jzWjRJ.html?page=17&pos=16&cur_pos=16&ads_per_page=24&ads_count=4951&lid=tiIs5EnQcF_Ee6n9&indexPosition=15,/HP M24f 23.8-Inch Ultraslim FHD Monitor (2D9K0E9),"KSh 19,999",Brand New,HP,P.O BOX 6991-00500
https://jiji.co.ke/nairobi-central/computer-monitors/22-inch-streched-monitor-dvD4djfo76WhxvW4Cw1lj2a3.html?page=17&pos=19&cur_pos=19&ads_per_page=24&ads_count=4951&lid=tiIs5EnQcF_Ee6n9&indexPosition=18,22 Inch Streched Monitor,"KSh 4,500",Refurbished,BenQ,Not available
https://jiji.co.ke/nairobi-central/computer-monitors/lenovo-g27c-30-curved-gaming-monitor-27-inch-full-hd-8h2nxv6FBc3E6pCqVDoGOVV7.html?page=17&pos=22&cur_pos=22&ads_per_page=24&ads_count=4951&lid=tiIs5EnQcF_Ee6n9&indexPosition=21,Lenovo G27c-30 Curved Gaming Monitor 27-inch Full HD,"KSh 34,499",Brand New,Lenovo,P.O BOX 6991-00500
https://jiji.co.ke/nairobi-central/computer-monitors/dell-p2725he-27-fhd-monitor-3v2lxxTdC4hxNZNPVoTiGvWl.html?page=17&pos=2&cur_pos=2&ads_per_page=24&ads_count=4951&lid=tiIs5EnQcF_Ee6n9&indexPosition=1,"Dell P2725he 27"" FHD Monitor","KSh 37,999",Brand New,Dell,TURKANA BUSINESS CENTER 1st FLOOR Shop A15 Moi avenue just few meters from MKU Tower.
https://jiji.co.ke/nairobi-central/computer-monitors/dell-ultrasharp-u3818dw-38-inch-curved-monitor-ud7DxireZt7I7phevA9ctFH3.html?page=17&pos=5&cur_pos=5&ads_per_page=24&ads_count=4951&lid=tiIs5EnQcF_Ee6n9&indexPosition=4,Dell Ultrasharp U3818dw 38 Inch Curved Monitor,"KSh 69,500",Refurbished,Dell,Not available
https://jiji.co.ke/nairobi-central/computer-monitors/hp-e27-g5-27-full-hd-lcd-monitor-9Ttx6QW6QYPGt1OEGOEGAiMg.html?page=17&pos=8&cur_pos=8&ads_per_page=24&ads_count=4951&lid=tiIs5EnQcF_Ee6n9&indexPosition=7,"Hp E27 G5 27"" Full Hd LCD Monitor","KSh 28,899",Brand New,HP,"Located Kimathi Street, Pioneer Building 4th Flr, Room 4.Next to Nation Centre Opposite Stanbic Bank"
https://jiji.co.ke/nairobi-central/computer-monitors/dell-u2520d-ultrasharp-usb-c-25-inch-qhd-2560x1440-monitor-60hz-ips-v9dVE4aJ9vXW8Val4c3Pk5Eq.html?page=17&pos=11&cur_pos=11&ads_per_page=24&ads_count=4951&lid=tiIs5EnQcF_Ee6n9&indexPosition=10,"Dell U2520d Ultrasharp Usb-c 25 Inch Qhd (2560x1440) Monitor, 60hz,Ips","KSh 19,499",Refurbished,Dell,Rahimtulla trust building first floor shop 12 along moi avenue opposite Bihi towers
https://jiji.co.ke/nairobi-central/computer-monitors/hp-z-display-z24i-24-inch-computer-monitor-frameless-iziHIcTOCxoIxVeeRQpfYGrx.html?page=17&pos=14&cur_pos=14&ads_per_page=24&ads_count=4951&lid=tiIs5EnQcF_Ee6n9&indexPosition=13,Hp Z Display Z24i 24 Inch Computer Monitor Frameless,"KSh 11,999",Refurbished,HP,"Nairobi , Moi Avenue, Rahimtulla Trust Building, 2nd floor, right wing, shop 34.opposite Bihi towers"
https://jiji.co.ke/nairobi-central/computer-monitors/sceptre-24-inches-monitor-with-hdmi-port-dRGAT8RMb6ILe7b0csZoRKqK.html?page=17&pos=17&cur_pos=17&ads_per_page=24&ads_count=4951&lid=tiIs5EnQcF_Ee6n9&indexPosition=16,Sceptre 24 Inches Monitor With HDMI Port,"KSh 8,000",Refurbished,Sceptre,Not available
https://jiji.co.ke/nairobi-central/computer-monitors/27-inches-monitor-dell-normal-1920x1080-itNihHtVP7XBzJSHIxLueGvI.html?page=17&pos=20&cur_pos=20&ads_per_page=24&ads_count=4951&lid=tiIs5EnQcF_Ee6n9&indexPosition=19,27 Inches Monitor Dell Normal 1920×1080,"KSh 10,000",Refurbished,Dell,imenti house along Tom Mboya street opposite dominion
https://jiji.co.ke/nairobi-central/computer-monitors/dell-ultrasharp-34-curved-usb-c-hub-monitor-6jZxN85pwwUsmJnmkB68M3H8.html?page=17&pos=23&cur_pos=23&ads_per_page=24&ads_count=4951&lid=tiIs5EnQcF_Ee6n9&indexPosition=22,Dell Ultrasharp 34 Curved USB-C Hub Monitor,"KSh 159,999",Brand New,Dell,P.O BOX 6991-00500
https://jiji.co.ke/nairobi-central/computer-monitors/hp-s5-527sf-27-fhd-monitor-27-5pVX3NynnY4FHSJszZNceMOL.html?page=17&pos=3&cur_pos=3&ads_per_page=24&ads_count=4951&lid=tiIs5EnQcF_Ee6n9&indexPosition=2,Hp S5 527sf 27'' FHD Monitor 27'',"KSh 23,999",Brand New,HP,TURKANA BUSINESS CENTER 1st FLOOR Shop A15 Moi avenue just few meters from MKU Tower.
https://jiji.co.ke/nairobi-central/computer-monitors/brand-new-hp-v27i-27-inch-full-hd-monitor-ips-amd-free-sync-75-hz-hsT2TOEtbgcNTn4B5qzUTwGg.html?page=17&pos=6&cur_pos=6&ads_per_page=24&ads_count=4951&lid=tiIs5EnQcF_Ee6n9&indexPosition=5,"Brand New Hp V27i
27 Inch Full Hd Monitor 
Ips ,Amd Free Sync 
75 Hz","KSh 22,000",Brand New,HP,Not available
https://jiji.co.ke/nairobi-central/computer-monitors/hp-e23-g4-23-inch-fhd-1080p-ips-frameless-display-monitor-g2bzp7CYa6rPQnAbKCfIWROu.html?page=17&pos=9&cur_pos=9&ads_per_page=24&ads_count=4951&lid=tiIs5EnQcF_Ee6n9&indexPosition=8,Hp E23 G4 23-Inch FHD(1080p)IPS Frameless Display Monitor,"KSh 22,499",Brand New,HP,"Located Kimathi Street, Pioneer Building 4th Flr, Room 4.Next to Nation Centre Opposite Stanbic Bank"
https://jiji.co.ke/nairobi-central/computer-monitors/dell-24-monitor-p2422h-full-hd-1080p-comfortview-plus-aqNZzUNoFmBw6GaCpX3yDVUn.html?page=17&pos=12&cur_pos=12&ads_per_page=24&ads_count=4951&lid=tiIs5EnQcF_Ee6n9&indexPosition=11,"Dell 24 Monitor - P2422h - Full Hd 1080p, Comfortview Plus","KSh 14,999",Refurbished,Dell,Rahimtulla trust building first floor shop 12 along moi avenue opposite Bihi towers
https://jiji.co.ke/nairobi-central/computer-monitors/hp-v24v-g5-24-inch-75hz-ips-fhd-monitor-twz8cW7nNtCXOtkVBEoXF0TW.html?page=17&pos=15&cur_pos=15&ads_per_page=24&ads_count=4951&lid=tiIs5EnQcF_Ee6n9&indexPosition=14,Hp V24v G5 24 Inch 75hz Ips FHD Monitor,"KSh 16,500",Brand New,HP,"Nairobi , Moi Avenue, Rahimtulla Trust Building, 2nd floor, right wing, shop 34.opposite Bihi towers"
https://jiji.co.ke/nairobi-central/computer-monitors/17-monitor-ubqaimPlJbPoyp3b1LMmchdH.html?page=17&pos=18&cur_pos=18&ads_per_page=24&ads_count=4951&lid=tiIs5EnQcF_Ee6n9&indexPosition=17,"17""monitor","KSh 3,000",Refurbished,HP,Not available
https://jiji.co.ke/nairobi-central/computer-monitors/19-inches-monitor-philips-kVsujSvoD0aDTHQWpRDEJNAo.html?page=17&pos=21&cur_pos=21&ads_per_page=24&ads_count=4951&lid=tiIs5EnQcF_Ee6n9&indexPosition=20,19 Inches Monitor Philips,"KSh 2,800",Refurbished,Philips,imenti house along Tom Mboya street opposite dominion
https://jiji.co.ke/nairobi-central/computer-monitors/lenovo-t22i-frameless-monitor-available-A41lwWglCUXTJPWdfrGmLczh.html?page=17&pos=24&cur_pos=24&ads_per_page=24&ads_count=4951&lid=tiIs5EnQcF_Ee6n9&indexPosition=23,Lenovo T22i Frameless Monitor Available,"KSh 8,000",Refurbished,Lenovo,imenti house along Tom Mboya street opposite dominion
https://jiji.co.ke/nairobi-central/computer-monitors/hp-qhd-x27q-gaming-monitor-BQ2LwTLZ4jouetBgUwxUvhfE.html?page=18&pos=1&cur_pos=1&ads_per_page=24&ads_count=5052&lid=HDyuWpL8od6XXqLL&indexPosition=0,HP QHD X27q Gaming Monitor,"KSh 35,999",Brand New,HP,Old Mutual Building 3rd Floor Room 335 along Kimathi street
https://jiji.co.ke/nairobi-central/computer-monitors/hp-x24c-gaming-monitor-n7r027uEtRZLxMh7ZTz8FGHr.html?page=18&pos=4&cur_pos=4&ads_per_page=24&ads_count=5052&lid=HDyuWpL8od6XXqLL&indexPosition=3,HP X24c Gaming Monitor,"KSh 33,999",Brand New,HP,"4P8J+5P Kianjai, Kenya"
https://jiji.co.ke/nairobi-central/computer-monitors/dell-27inch-display-monitor-display-2560-1440p-3hkgsKwABxBmr66i6k1BzXrV.html?page=18&pos=7&cur_pos=7&ads_per_page=24&ads_count=5052&lid=HDyuWpL8od6XXqLL&indexPosition=6,"Dell 27inch Display 
Monitor 
 Display (2560* 1440p)","KSh 20,000",Refurbished,Dell,Location: Along Tom mboya street  Opposite  Fire Station Pioneer Tom mboya street 3rd floor  room 30
https://jiji.co.ke/nairobi-central/computer-monitors/hp-e27-g5-27-fhd-monitor-ATRYajlR1mK90Z4mLjAhLvGG.html?page=18&pos=10&cur_pos=10&ads_per_page=24&ads_count=5052&lid=HDyuWpL8od6XXqLL&indexPosition=9,"HP E27 G5 27"" FHD Monitor","KSh 30,999",Brand New,HP,TURKANA BUSINESS CENTER 1st FLOOR Shop A15 Moi avenue just few meters from MKU Tower.
https://jiji.co.ke/nairobi-central/computer-monitors/samsung-lf32tu87-32-inch-monitor-type-c-90w-power-delivery-hxIUMxpY9a1wucONg8V5ieR5.html?page=18&pos=13&cur_pos=13&ads_per_page=24&ads_count=5052&lid=HDyuWpL8od6XXqLL&indexPosition=12,"Samsung Lf32tu87
32 Inch Monitor 
Type C 90w Power Delivery","KSh 28,999",Refurbished,Samsung,Not available
https://jiji.co.ke/nairobi-central/computer-monitors/lenovo-thinkvision-s24i-30-23-8-fhd-monitor-raven-black-dlmqLzC9A1fADKZtAUjHTQWd.html?page=18&pos=16&cur_pos=16&ads_per_page=24&ads_count=5052&lid=HDyuWpL8od6XXqLL&indexPosition=15,"Lenovo Thinkvision S24i-30 23.8"" FHD Monitor Raven Black","KSh 17,499",Brand New,Lenovo,"Located Kimathi Street, Pioneer Building 4th Flr, Room 4.Next to Nation Centre Opposite Stanbic Bank"
https://jiji.co.ke/nairobi-central/computer-monitors/lenovo-l22e-40-21-5-inch-full-hd-1080p-75hz-display-monitor-BqPaTFNTRYSXukpaF18RJmWT.html?page=18&pos=19&cur_pos=19&ads_per_page=24&ads_count=5052&lid=HDyuWpL8od6XXqLL&indexPosition=18,Lenovo L22e 40 21.5 Inch Full Hd 1080p 75hz Display Monitor,"KSh 17,499",Brand New,Lenovo,Rahimtulla trust building first floor shop 12 along moi avenue opposite Bihi towers
https://jiji.co.ke/nairobi-central/computer-monitors/lg-27up550n-27-inch-uhd-ips-led-hdr-monitor-usb-c-port-wvS7clxVHdKd5txiD05qbzSJ.html?page=18&pos=22&cur_pos=22&ads_per_page=24&ads_count=5052&lid=HDyuWpL8od6XXqLL&indexPosition=21,"LG 27up550n 27"" Inch Uhd Ips LED HDR Monitor Usb-C Port.","KSh 54,999",Brand New,LG,"Nairobi , Moi Avenue, Rahimtulla Trust Building, 2nd floor, right wing, shop 34.opposite Bihi towers"
https://jiji.co.ke/nairobi-central/computer-monitors/hp-p22v-g4-21-5-diagonal-monitor-WVOND8CWE5jATeEViPNzaEi.html?page=18&pos=2&cur_pos=2&ads_per_page=24&ads_count=5052&lid=HDyuWpL8od6XXqLL&indexPosition=1,"Hp P22v G4 21.5"" Diagonal Monitor","KSh 17,999",Brand New,HP,"4P8J+5P Kianjai, Kenya"
https://jiji.co.ke/nairobi-central/computer-monitors/benq-gl2780-27inches-fhd-monitor-kZdCLFZITd02MgRlCqnvtlxg.html?page=18&pos=5&cur_pos=5&ads_per_page=24&ads_count=5052&lid=HDyuWpL8od6XXqLL&indexPosition=4,Benq GL2780 27inches FHD Monitor,"KSh 23,499",Brand New,BenQ,Not available
https://jiji.co.ke/nairobi-central/computer-monitors/hp-24inch-monitor-model-e243-1080p-iq11ZYs3fCWuqZ0SAcvMu1Hg.html?page=18&pos=8&cur_pos=8&ads_per_page=24&ads_count=5052&lid=HDyuWpL8od6XXqLL&indexPosition=7,Hp 24inch Monitor  Model: E243  1080p,"KSh 12,000",Refurbished,HP,Location: Along Tom mboya street  Opposite  Fire Station Pioneer Tom mboya street 3rd floor  room 30
https://jiji.co.ke/nairobi-central/computer-monitors/lg-myview-31-5-fhd-smart-monitor-eQtuuHtG9hYBrOXgUZXc32X6.html?page=18&pos=11&cur_pos=11&ads_per_page=24&ads_count=5052&lid=HDyuWpL8od6XXqLL&indexPosition=10,"LG Myview 31.5"" FHD Smart Monitor","KSh 34,999",Brand New,LG,TURKANA BUSINESS CENTER 1st FLOOR Shop A15 Moi avenue just few meters from MKU Tower.
https://jiji.co.ke/nairobi-central/computer-monitors/lg-34-inch-curved-monitor-model-34cb99-w-size-34inch-uBGwQsq8MhurDEwJPd4izo3i.html?page=18&pos=14&cur_pos=14&ads_per_page=24&ads_count=5052&lid=HDyuWpL8od6XXqLL&indexPosition=13,"Lg 34 Inch Curved Monitor 
Model :34cb99-W
Size :34inch","KSh 56,000",Refurbished,LG,Not available
https://jiji.co.ke/nairobi-central/computer-monitors/lenovo-g32qc-30-32-curved-qhd-1440p-monitor-165hz-gbWOfLXj8tI2bShshXF1e3Ol.html?page=18&pos=17&cur_pos=17&ads_per_page=24&ads_count=5052&lid=HDyuWpL8od6XXqLL&indexPosition=16,Lenovo G32qc-30 32” Curved QHD (1440p) Monitor 165hz,"KSh 45,999",Brand New,Lenovo,"Located Kimathi Street, Pioneer Building 4th Flr, Room 4.Next to Nation Centre Opposite Stanbic Bank"
https://jiji.co.ke/nairobi-central/computer-monitors/brand-new-hp-v22v-g5-21-45-in-1920-x-1080-lcd-monitor-cK5MfAk95rhv94e4IOYHdogo.html?page=18&pos=20&cur_pos=20&ads_per_page=24&ads_count=5052&lid=HDyuWpL8od6XXqLL&indexPosition=19,Brand New Hp V22v G5 21.45 In 1920 X 1080 Lcd Monitor,"KSh 17,499",Brand New,HP,Rahimtulla trust building first floor shop 12 along moi avenue opposite Bihi towers
https://jiji.co.ke/nairobi-central/computer-monitors/samsung-viewfinity-s80pb-32-ips-uhd-usb-c-monitor-eR04ISwTeH9gDnzB18kNv4pv.html?page=18&pos=23&cur_pos=23&ads_per_page=24&ads_count=5052&lid=HDyuWpL8od6XXqLL&indexPosition=22,"Samsung Viewfinity S80pb 32"" Ips Uhd Usb-C Monitor","KSh 61,499",Brand New,Samsung,"Nairobi , Moi Avenue, Rahimtulla Trust Building, 2nd floor, right wing, shop 34.opposite Bihi towers"
https://jiji.co.ke/nairobi-central/computer-monitors/x24ih-gaming-monitor-k905wrGq2XGXudlX5egWY3x2.html?page=18&pos=3&cur_pos=3&ads_per_page=24&ads_count=5052&lid=HDyuWpL8od6XXqLL&indexPosition=2,X24ih Gaming Monitor,"KSh 29,499",Brand New,HP,"4P8J+5P Kianjai, Kenya"
https://jiji.co.ke/nairobi-central/computer-monitors/lenovo-thinkvision-t24v-10-monitor-vga-hdmi-display-port-full-hd-60-hz-s4JOAks4stm5MIDhD46l4SB6.html?page=18&pos=6&cur_pos=6&ads_per_page=24&ads_count=5052&lid=HDyuWpL8od6XXqLL&indexPosition=5,"Lenovo Thinkvision T24v-10 Monitor Vga/Hdmi/Display Port
Full Hd
60 Hz","KSh 13,000",Refurbished,Lenovo,Location: Along Tom mboya street  Opposite  Fire Station Pioneer Tom mboya street 3rd floor  room 30
https://jiji.co.ke/nairobi-central/computer-monitors/lenovo-thinkvision-s22i-30-21-5-fhd-monitor-bK53LPXygQthWlU4A443Lt2.html?page=18&pos=9&cur_pos=9&ads_per_page=24&ads_count=5052&lid=HDyuWpL8od6XXqLL&indexPosition=8,"Lenovo Thinkvision S22i-30 21.5"" FHD Monitor","KSh 12,999",Brand New,Lenovo,TURKANA BUSINESS CENTER 1st FLOOR Shop A15 Moi avenue just few meters from MKU Tower.
https://jiji.co.ke/nairobi-central/computer-monitors/twisted-mind-gaming-monitor-brand-new-bxpx8jwDD7IxpeQbSkASypKy.html?page=18&pos=12&cur_pos=12&ads_per_page=24&ads_count=5052&lid=HDyuWpL8od6XXqLL&indexPosition=11,Twisted Mind Gaming Monitor Brand New,"KSh 20,000",Brand New,Twisted mind,Not available
https://jiji.co.ke/nairobi-central/computer-monitors/lenovo-g27qe-20-27-qhd-gaming-monitor-g27qe-20-lenovo-e0OmIDC2ZKwfqwhNMx93FRyD.html?page=18&pos=15&cur_pos=15&ads_per_page=24&ads_count=5052&lid=HDyuWpL8od6XXqLL&indexPosition=14,"Lenovo G27qe-20 27"" QHD Gaming Monitor/G27qe-20 Lenovo.","KSh 34,499",Brand New,Lenovo,"Located Kimathi Street, Pioneer Building 4th Flr, Room 4.Next to Nation Centre Opposite Stanbic Bank"
https://jiji.co.ke/nairobi-central/computer-monitors/dell-monitor-19-inch-wide-screen-slim-XiPk51WTJrb0YmsO4vkWJUr.html?page=18&pos=18&cur_pos=18&ads_per_page=24&ads_count=5052&lid=HDyuWpL8od6XXqLL&indexPosition=17,Dell Monitor 19 Inch Wide Screen Slim,"KSh 4,500",Refurbished,Dell,Rahimtulla trust building first floor shop 12 along moi avenue opposite Bihi towers
https://jiji.co.ke/nairobi-central/computer-monitors/dell-27-inch-usb-c-hub-100hz-adjustable-monitor-p2725he-tIte7K2Jqg5iiYr5M9lGXSgN.html?page=18&pos=21&cur_pos=21&ads_per_page=24&ads_count=5052&lid=HDyuWpL8od6XXqLL&indexPosition=20,Dell 27 Inch Usb-C Hub 100hz Adjustable Monitor - P2725he,"KSh 40,999",Brand New,Dell,"Nairobi , Moi Avenue, Rahimtulla Trust Building, 2nd floor, right wing, shop 34.opposite Bihi towers"
https://jiji.co.ke/nairobi-central/computer-monitors/dell-se2425h-23-8-fhd-monitor-bikcRz9wiIUXeJXOLuTfEpFT.html?page=18&pos=24&cur_pos=24&ads_per_page=24&ads_count=5052&lid=HDyuWpL8od6XXqLL&indexPosition=23,"Dell Se2425h 23.8"" FHD Monitor","KSh 14,999",Brand New,Dell,Kimathi Street
https://jiji.co.ke/nairobi-central/computer-monitors/dell-u2520d-ultrasharp-25-inch-qhd-monitor-with-an-ips-panel-dwjdFtxB8N6j2gmq31Ruz3oK.html?page=19&pos=1&cur_pos=1&ads_per_page=24&ads_count=4939&lid=2mvWtRKLGWa8uBwk&indexPosition=0,Dell U2520d Ultrasharp 25-inch Qhd Monitor With An Ips Panel,"KSh 19,499",Refurbished,Dell,Rahimtulla trust building first floor shop 12 along moi avenue opposite Bihi towers
https://jiji.co.ke/nairobi-central/computer-monitors/hp-elitedisplay-e243m-24-inch-fhd-camera-monitor-silver-5QlUczh0tD9ATg4H9xb1xIsO.html?page=19&pos=4&cur_pos=4&ads_per_page=24&ads_count=4939&lid=2mvWtRKLGWa8uBwk&indexPosition=3,HP Elitedisplay E243M 24 Inch FHD Camera Monitor Silver,"KSh 14,500",Brand New,HP,"Nairobi , Moi Avenue, Rahimtulla Trust Building, 2nd floor, right wing, shop 34.opposite Bihi towers"
https://jiji.co.ke/nairobi-central/computer-monitors/19-inches-hp-monitor-idPela6ZLILrK16GuHxemCfD.html?page=19&pos=7&cur_pos=7&ads_per_page=24&ads_count=4939&lid=2mvWtRKLGWa8uBwk&indexPosition=6,19 Inches HP Monitor,"KSh 4,000",Refurbished,HP,imenti house along Tom Mboya street opposite dominion
https://jiji.co.ke/nairobi-central/computer-monitors/asus-20-inches-wide-monitor-aSvKNXnSbfyvXJsAb6q7AXrC.html?page=19&pos=10&cur_pos=10&ads_per_page=24&ads_count=4939&lid=2mvWtRKLGWa8uBwk&indexPosition=9,ASUS 20 Inches Wide Monitor,"KSh 3,500",Refurbished,Asus,imenti house along Tom Mboya street opposite dominion
https://jiji.co.ke/nairobi-central/computer-monitors/17-monitor-2NbzszBo0dM1A3jGvj3zQLXR.html?page=19&pos=13&cur_pos=13&ads_per_page=24&ads_count=4939&lid=2mvWtRKLGWa8uBwk&indexPosition=12,"17""monitor","KSh 3,000",Refurbished,HP,Not available
https://jiji.co.ke/nairobi-central/computer-monitors/dahua-27-inch-e230c-165hz-curved-tft-monitor-zrBbzhpCtV1HuT5ugXxqnYro.html?page=19&pos=16&cur_pos=16&ads_per_page=24&ads_count=4939&lid=2mvWtRKLGWa8uBwk&indexPosition=15,Dahua 27-Inch E230C 165hz Curved TFT Monitor,"KSh 32,999",Brand New,Other,P.O BOX 6991-00500
https://jiji.co.ke/nairobi-central/computer-monitors/hp-m27f-hp-m27f-monitor-m27f-monitor-m27f-tKZcW3lBAmtlpaqcRZ6tjhA9.html?page=19&pos=19&cur_pos=19&ads_per_page=24&ads_count=4939&lid=2mvWtRKLGWa8uBwk&indexPosition=18,Hp M27f || Hp M27F Monitor || M27f~Monitor~M27f,"KSh 22,499",Brand New,HP,Old Mutual Building 3rd Floor Room 335 along Kimathi street
https://jiji.co.ke/nairobi-central/computer-monitors/lg-34cb99-34-inches-curved-monitor-wqhd-3440x1440-resolution-2hdmi-eXptaooOezMLmaDjhZB8o6FH.html?page=19&pos=22&cur_pos=22&ads_per_page=24&ads_count=4939&lid=2mvWtRKLGWa8uBwk&indexPosition=21,"LG 34CB99 34 Inches Curved Monitor,WQHD 3440×1440 Resolution 2HDMI","KSh 43,999",Refurbished,LG,Location: Along Tom mboya street  Opposite  Fire Station Pioneer Tom mboya street 3rd floor  room 30
https://jiji.co.ke/nairobi-central/computer-monitors/dell-p2422h-24-inch-fhd-wide-ultrathin-monitor-vga-hdmi-displayport-uoDO6NCFO0COJFIVY7EHPyr6.html?page=19&pos=2&cur_pos=2&ads_per_page=24&ads_count=4939&lid=2mvWtRKLGWa8uBwk&indexPosition=1,"Dell P2422h 24-Inch FHD Wide Ultrathin Monitor Vga, Hdmi, Displayport","KSh 13,000",Refurbished,Dell,"Nairobi , Moi Avenue, Rahimtulla Trust Building, 2nd floor, right wing, shop 34.opposite Bihi towers"
https://jiji.co.ke/nairobi-central/computer-monitors/22-streched-monitor-mHEzVv9lUftVT2GfKmAlwB7T.html?page=19&pos=5&cur_pos=5&ads_per_page=24&ads_count=4939&lid=2mvWtRKLGWa8uBwk&indexPosition=4,"22"" Streched Monitor","KSh 4,500",Refurbished,BenQ,Not available
https://jiji.co.ke/nairobi-central/computer-monitors/samsung-cf390-24-inch-essential-curved-monitor-zSIeCY9KSTTF1WFUz0POAsSH.html?page=19&pos=8&cur_pos=8&ads_per_page=24&ads_count=4939&lid=2mvWtRKLGWa8uBwk&indexPosition=7,"Samsung CF390 24""Inch Essential Curved Monitor","KSh 19,998",Brand New,Samsung,Kimathi Street
https://jiji.co.ke/nairobi-central/computer-monitors/dell-u4919dw-49-inch-curved-monitor-ips-panel-mSzboljdmeEa0E2KUuQi2VgI.html?page=19&pos=11&cur_pos=11&ads_per_page=24&ads_count=4939&lid=2mvWtRKLGWa8uBwk&indexPosition=10,Dell U4919DW 49-Inch Curved Monitor IPS Panel,"KSh 144,995",Brand New,Dell,Kimathi Street
https://jiji.co.ke/nairobi-central/computer-monitors/ls27bm500emxue-27-flat-monitor-with-smart-t-sBLdlqfrhNI7h3DzVWyrmYYG.html?page=19&pos=14&cur_pos=14&ads_per_page=24&ads_count=4939&lid=2mvWtRKLGWa8uBwk&indexPosition=13,"Ls27bm500emxue 27"" Flat Monitor With Smart T","KSh 29,499",Brand New,Samsung,P.O BOX 6991-00500
https://jiji.co.ke/nairobi-central/computer-monitors/dell-p2419h-full-hd-24-lcd-monitor-mzHNiXJeX5HqQ0jIIZReBBzb.html?page=19&pos=17&cur_pos=17&ads_per_page=24&ads_count=4939&lid=2mvWtRKLGWa8uBwk&indexPosition=16,Dell P2419H Full HD 24′′ LCD Monitor,"KSh 27,500",Brand New,Dell,Old Mutual Building 3rd Floor Room 335 along Kimathi street
https://jiji.co.ke/nairobi-central/computer-monitors/hp-series-5-527-of-monitor-6E6Ax4tFATgPIJO8C7pGg42W.html?page=19&pos=20&cur_pos=20&ads_per_page=24&ads_count=4939&lid=2mvWtRKLGWa8uBwk&indexPosition=19,Hp Series 5 527 of Monitor,"KSh 24,999",Brand New,HP,"4P8J+5P Kianjai, Kenya"
https://jiji.co.ke/nairobi-central/computer-monitors/lenovo-thinkvision-t24v-10-monitor-vga-hdmi-display-port-full-hd-60-hz-s4JOAks4stm5MIDhD46l4SB6.html?page=19&pos=23&cur_pos=23&ads_per_page=24&ads_count=4939&lid=2mvWtRKLGWa8uBwk&indexPosition=22,"Lenovo Thinkvision T24v-10 Monitor Vga/Hdmi/Display Port
Full Hd
60 Hz","KSh 13,000",Refurbished,Lenovo,Location: Along Tom mboya street  Opposite  Fire Station Pioneer Tom mboya street 3rd floor  room 30
https://jiji.co.ke/nairobi-central/computer-monitors/dell-p2419h-24-full-hd-edge-to-edge-monitor-black-B6Iy6ayA99vikwZ2Mw8dr2Yz.html?page=19&pos=3&cur_pos=3&ads_per_page=24&ads_count=4939&lid=2mvWtRKLGWa8uBwk&indexPosition=2,"Dell P2419h 24"" Full Hd Edge to Edge Monitor - Black","KSh 12,500",Refurbished,Dell,"Nairobi , Moi Avenue, Rahimtulla Trust Building, 2nd floor, right wing, shop 34.opposite Bihi towers"
https://jiji.co.ke/nairobi-central/computer-monitors/lenovo-d32u-45-lcd-monitor-31-5-model-no-67a1gac2uk-q0j9N4zOHG8juYAOM9byHBhS.html?page=19&pos=6&cur_pos=6&ads_per_page=24&ads_count=4939&lid=2mvWtRKLGWa8uBwk&indexPosition=5,"Lenovo D32u-45 LCD Monitor 31.5"" Model No; (67a1gac2uk)","KSh 57,998",Brand New,Lenovo,P.O BOX 6991-00500
https://jiji.co.ke/nairobi-central/computer-monitors/lenovo-legion-r32qc-30-gaming-monitor-31-5-wbMQY1eg0ZNZ8eZJSuxHtJMr.html?page=19&pos=9&cur_pos=9&ads_per_page=24&ads_count=4939&lid=2mvWtRKLGWa8uBwk&indexPosition=8,"Lenovo Legion R32qc-30 Gaming Monitor 31.5""","KSh 44,999",Brand New,Lenovo,Kimathi Street
https://jiji.co.ke/nairobi-central/computer-monitors/20-inches-lenovo-monitor-refurbished-3KVus0lUR5HNTMjCQxqyuzZ6.html?page=19&pos=12&cur_pos=12&ads_per_page=24&ads_count=4939&lid=2mvWtRKLGWa8uBwk&indexPosition=11,20 Inches Lenovo Monitor Refurbished,"KSh 3,500",Refurbished,Lenovo,imenti house along Tom Mboya street opposite dominion
https://jiji.co.ke/nairobi-central/computer-monitors/22-monitor-8LkyyUgyNYk1VS0mZAcMKT4t.html?page=19&pos=15&cur_pos=15&ads_per_page=24&ads_count=4939&lid=2mvWtRKLGWa8uBwk&indexPosition=14,"22"" Monitor","KSh 4,500",Refurbished,BenQ,Not available
https://jiji.co.ke/nairobi-central/computer-monitors/hp-x24c-gaming-monitor-144hz-1JGv6DtUuGWQbVLKZjLsnQRF.html?page=19&pos=18&cur_pos=18&ads_per_page=24&ads_count=4939&lid=2mvWtRKLGWa8uBwk&indexPosition=17,Hp X24c Gaming Monitor 144hz,"KSh 27,489",Brand New,HP,Old Mutual Building 3rd Floor Room 335 along Kimathi street
https://jiji.co.ke/nairobi-central/computer-monitors/hp-m27fw-fhd-monitor-8YoGYU61jAK3xZs7hQOmJRny.html?page=19&pos=21&cur_pos=21&ads_per_page=24&ads_count=4939&lid=2mvWtRKLGWa8uBwk&indexPosition=20,Hp M27fw FHD Monitor,"KSh 30,499",Brand New,HP,"4P8J+5P Kianjai, Kenya"
https://jiji.co.ke/nairobi-central/computer-monitors/hp-24inch-monitor-model-e243-1080p-iq11ZYs3fCWuqZ0SAcvMu1Hg.html?page=19&pos=24&cur_pos=24&ads_per_page=24&ads_count=4939&lid=2mvWtRKLGWa8uBwk&indexPosition=23,Hp 24inch Monitor  Model: E243  1080p,"KSh 12,000",Refurbished,HP,Location: Along Tom mboya street  Opposite  Fire Station Pioneer Tom mboya street 3rd floor  room 30
https://jiji.co.ke/nairobi-central/computer-monitors/dell-se2425h-23-8-fhd-monitor-black-color-aq2cJCgDDXiOmo0AQYHvbhRJ.html?page=20&pos=1&cur_pos=1&ads_per_page=24&ads_count=5052&lid=4lXIlMHravddPUhn&indexPosition=0,"Dell Se2425h 23.8"" FHD Monitor, Black Color","KSh 16,999",Brand New,Dell,TURKANA BUSINESS CENTER 1st FLOOR Shop A15 Moi avenue just few meters from MKU Tower.
https://jiji.co.ke/nairobi-central/computer-monitors/brand-new-lg-curved-monitor-27u421a-9PjvWCOg23DTzSWQtOA7Q9Pr.html?page=20&pos=4&cur_pos=4&ads_per_page=24&ads_count=5052&lid=4lXIlMHravddPUhn&indexPosition=3,"Brand New Lg Curved Monitor
27u421a-","KSh 33,000",Brand New,LG,Not available
https://jiji.co.ke/nairobi-central/computer-monitors/hp-series-5-527sw-23-8-fhd-monitor-white-color-A3CWgycb0PPYKudveoXaViE1.html?page=20&pos=7&cur_pos=7&ads_per_page=24&ads_count=5052&lid=4lXIlMHravddPUhn&indexPosition=6,"Hp Series 5 527sw 23.8"" FHD Monitor, White Color","KSh 20,499",Brand New,HP,"Located Kimathi Street, Pioneer Building 4th Flr, Room 4.Next to Nation Centre Opposite Stanbic Bank"
https://jiji.co.ke/nairobi-central/computer-monitors/dell-p2419h-24-inch-full-hd-ips-led-monitor-black-5pN7CAK4Vh3X6B4A3Q5lcWvw.html?page=20&pos=10&cur_pos=10&ads_per_page=24&ads_count=5052&lid=4lXIlMHravddPUhn&indexPosition=9,Dell P2419h 24 Inch Full Hd Ips Led Monitor - Black,"KSh 14,499",Refurbished,Dell,Rahimtulla trust building first floor shop 12 along moi avenue opposite Bihi towers
https://jiji.co.ke/nairobi-central/computer-monitors/dell-e2425h-24-inch-led-lcd-monitor-1080p-dell-e2425h-on-offer-d1mIkq0uGQhQKzFihxTMI4QX.html?page=20&pos=13&cur_pos=13&ads_per_page=24&ads_count=5052&lid=4lXIlMHravddPUhn&indexPosition=12,Dell E2425h 24 Inch Led LCD Monitor 1080p Dell-e2425h.On Offer,"KSh 17,500",Brand New,Dell,"Nairobi , Moi Avenue, Rahimtulla Trust Building, 2nd floor, right wing, shop 34.opposite Bihi towers"
https://jiji.co.ke/nairobi-central/computer-monitors/hp-v197-led-18-5-inch-monitor-v5j61aa-rgEkHGFYmTUINhXeQWWt35Ej.html?page=20&pos=16&cur_pos=16&ads_per_page=24&ads_count=5052&lid=4lXIlMHravddPUhn&indexPosition=15,HP V197 LED 18.5 Inch Monitor - V5J61AA,"KSh 18,499",Brand New,HP,Kimathi Street
https://jiji.co.ke/nairobi-central/computer-monitors/hp-n246v-23-8-wall-mountable-monitor-black-color-nFJ0PDnJCRT9dpUffeqdPgX7.html?page=20&pos=19&cur_pos=19&ads_per_page=24&ads_count=5052&lid=4lXIlMHravddPUhn&indexPosition=18,"HP N246V 23.8"" Wall Mountable Monitor, Black Color","KSh 14,999",Brand New,HP,Old Mutual Building 3rd Floor Room 335 along Kimathi street
https://jiji.co.ke/nairobi-central/computer-monitors/24-monitor-kIXqLg7iVco0kM8x3z8kWfWK.html?page=20&pos=22&cur_pos=22&ads_per_page=24&ads_count=5052&lid=4lXIlMHravddPUhn&indexPosition=21,"24"" Monitor","KSh 6,500",Refurbished,Dell,Not available
https://jiji.co.ke/nairobi-central/computer-monitors/hp-e34m-g4-34-wqhd-curved-usb-c-conferencing-monitor-C0uzCDMWhQZDS8eK0mUiH49C.html?page=20&pos=2&cur_pos=2&ads_per_page=24&ads_count=5052&lid=4lXIlMHravddPUhn&indexPosition=1,"Hp E34m G4 34"" WQHD Curved Usb-C Conferencing Monitor","KSh 93,999",Brand New,HP,TURKANA BUSINESS CENTER 1st FLOOR Shop A15 Moi avenue just few meters from MKU Tower.
https://jiji.co.ke/nairobi-central/computer-monitors/viotek-gaming-monitor-32-inch-curved-display-resolution-3WuIaXxSBjL1QWfupBJ6XS63.html?page=20&pos=5&cur_pos=5&ads_per_page=24&ads_count=5052&lid=4lXIlMHravddPUhn&indexPosition=4,"Viotek Gaming Monitor 
32 Inch Curved Display
 Resolution","KSh 32,000",Refurbished,Viotek,Not available
https://jiji.co.ke/nairobi-central/computer-monitors/lenovo-l27e-40-27-fhd-monitor-ayhlu5qJErXOMbZ8qG8UD9F6.html?page=20&pos=8&cur_pos=8&ads_per_page=24&ads_count=5052&lid=4lXIlMHravddPUhn&indexPosition=7,"Lenovo L27e-40 27""FHD Monitor","KSh 28,999",Brand New,Lenovo,"Located Kimathi Street, Pioneer Building 4th Flr, Room 4.Next to Nation Centre Opposite Stanbic Bank"
https://jiji.co.ke/nairobi-central/computer-monitors/edge-to-edge-monitor-24-inch-full-hd-dell-optiplex-3060-i5-8gb-512ssd-1bKVRPgVXuMrZpb9rKMhVnyo.html?page=20&pos=11&cur_pos=11&ads_per_page=24&ads_count=5052&lid=4lXIlMHravddPUhn&indexPosition=10,Edge to Edge Monitor 24 Inch Full Hd Dell Optiplex 3060 I5 8gb/512ssd,"KSh 29,000",Refurbished,Dell,Rahimtulla trust building first floor shop 12 along moi avenue opposite Bihi towers
https://jiji.co.ke/nairobi-central/computer-monitors/hp-v27i-g5-fhd-monitor-27-fhd-1920x1080-48-75hz-mhP714mbeoB8mmSrn60qYzpi.html?page=20&pos=14&cur_pos=14&ads_per_page=24&ads_count=5052&lid=4lXIlMHravddPUhn&indexPosition=13,"Hp V27i G5 FHD Monitor 27"" FHD - 1920x1080 - 48-75hz","KSh 21,999",Brand New,HP,"Nairobi , Moi Avenue, Rahimtulla Trust Building, 2nd floor, right wing, shop 34.opposite Bihi towers"
https://jiji.co.ke/nairobi-central/computer-monitors/hp-e27-g5-27-fhd-monitor-kOx3bZpEh6k7gJueUpKpkcqC.html?page=20&pos=17&cur_pos=17&ads_per_page=24&ads_count=5052&lid=4lXIlMHravddPUhn&indexPosition=16,"Hp E27 G5 27"" FHD Monitor,","KSh 30,000",Brand New,HP,Kimathi Street
https://jiji.co.ke/nairobi-central/computer-monitors/lenovo-l27e-30-27-0-fhd-monitor-raven-black-color-zCixan2n0Y1v8le2yHqNmtpI.html?page=20&pos=20&cur_pos=20&ads_per_page=24&ads_count=5052&lid=4lXIlMHravddPUhn&indexPosition=19,"Lenovo L27e-30 27.0"" FHD Monitor Raven Black Color -","KSh 22,490",Brand New,Lenovo,Old Mutual Building 3rd Floor Room 335 along Kimathi street
https://jiji.co.ke/nairobi-central/computer-monitors/24-inches-samsung-monitor-refurbished-iq6Nbc7QJqzTHMf0S2WxjiDD.html?page=20&pos=23&cur_pos=23&ads_per_page=24&ads_count=5052&lid=4lXIlMHravddPUhn&indexPosition=22,24 Inches Samsung Monitor Refurbished,"KSh 5,000",Refurbished,Samsung,imenti house along Tom Mboya street opposite dominion
https://jiji.co.ke/nairobi-central/computer-monitors/lenovo-thinkvision-s27e-20-27-monitor-1eABSorJ56wWLqOgzEGhq9S8.html?page=20&pos=3&cur_pos=3&ads_per_page=24&ads_count=5052&lid=4lXIlMHravddPUhn&indexPosition=2,"Lenovo Thinkvision S27e-20 27"" Monitor","KSh 28,999",Brand New,Lenovo,TURKANA BUSINESS CENTER 1st FLOOR Shop A15 Moi avenue just few meters from MKU Tower.
https://jiji.co.ke/nairobi-central/computer-monitors/dell-22-inch-monitor-vga-dvi-display-n1ptJMfIbObus2cWS8vGdpSf.html?page=20&pos=6&cur_pos=6&ads_per_page=24&ads_count=5052&lid=4lXIlMHravddPUhn&indexPosition=5,"Dell 22 Inch Monitor 
Vga/Dvi /Display","KSh 6,000",Refurbished,Dell,Not available
https://jiji.co.ke/nairobi-central/computer-monitors/samsung-lh65qmcebgcxue-65-quantum-processor-monitor-mOAzJ1CKs2IfH0MxGZgY29Lu.html?page=20&pos=9&cur_pos=9&ads_per_page=24&ads_count=5052&lid=4lXIlMHravddPUhn&indexPosition=8,"Samsung Lh65qmcebgcxue 65"" Quantum Processor Monitor","KSh 117,999",Brand New,Samsung,"Located Kimathi Street, Pioneer Building 4th Flr, Room 4.Next to Nation Centre Opposite Stanbic Bank"
https://jiji.co.ke/nairobi-central/computer-monitors/hp-z24n-g3-24-wuxga-led-lcd-monitor-silver-wqvStKrF0FigfXfQdEGvlddo.html?page=20&pos=12&cur_pos=12&ads_per_page=24&ads_count=5052&lid=4lXIlMHravddPUhn&indexPosition=11,Hp Z24n G3 24 Wuxga Led Lcd Monitor Silver,"KSh 20,999",Refurbished,HP,Rahimtulla trust building first floor shop 12 along moi avenue opposite Bihi towers
https://jiji.co.ke/nairobi-central/computer-monitors/lenovo-thinkvision-s24i-30-24-full-hd-100hz-monitor-zjP73q75t6LWVfN9MBtz5HX9.html?page=20&pos=15&cur_pos=15&ads_per_page=24&ads_count=5052&lid=4lXIlMHravddPUhn&indexPosition=14,"Lenovo Thinkvision S24i-30 24"" Full HD 100hz Monitor","KSh 19,999",Brand New,Lenovo,"Nairobi , Moi Avenue, Rahimtulla Trust Building, 2nd floor, right wing, shop 34.opposite Bihi towers"
https://jiji.co.ke/nairobi-central/computer-monitors/hp-527sa-series-5-27-inch-monitor-with-speakers-527sa-u5aAzwk7QNQKOWsG11pfcuPl.html?page=20&pos=18&cur_pos=18&ads_per_page=24&ads_count=5052&lid=4lXIlMHravddPUhn&indexPosition=17,Hp 527sa Series 5 27 Inch Monitor With Speakers // 527sa,"KSh 19,862",Brand New,HP,Kimathi Street
https://jiji.co.ke/nairobi-central/computer-monitors/dell-e2720h-27-inch-monitor-jNmfgwrfFNlKQyIyXIHTGgkr.html?page=20&pos=21&cur_pos=21&ads_per_page=24&ads_count=5052&lid=4lXIlMHravddPUhn&indexPosition=20,Dell E2720H 27 Inch Monitor,"KSh 30,999",Brand New,Dell,Old Mutual Building 3rd Floor Room 335 along Kimathi street
https://jiji.co.ke/nairobi-central/computer-monitors/24-frameless-monitor-kV4vqMVFzNVOx6aOBkiKwscU.html?page=20&pos=24&cur_pos=24&ads_per_page=24&ads_count=5052&lid=4lXIlMHravddPUhn&indexPosition=23,"24"" Frameless Monitor","KSh 11,000",Brand New,Dell,Not available
https://jiji.co.ke/nairobi-central/computer-monitors/dell-se2221h-21-5-inch-54-61-cm-led-backlit-monitor-eJxNabn18Q5NuvoRlvWH0NB3.html?page=21&pos=1&cur_pos=1&ads_per_page=24&ads_count=4939&lid=dWjwpbor9Z-yMZsG&indexPosition=0,Dell SE2221H 21.5 Inch (54.61 Cm) LED Backlit Monitor,"KSh 20,999",Brand New,Dell,Old Mutual Building 3rd Floor Room 335 along Kimathi street
https://jiji.co.ke/nairobi-central/computer-monitors/hp-m32fw-32-inch-fhd-monitor-vga-2-hdmi-dwv1EVzflqrBCJ8upr1eIdFF.html?page=21&pos=4&cur_pos=4&ads_per_page=24&ads_count=4939&lid=dWjwpbor9Z-yMZsG&indexPosition=3,Hp M32fw 32 Inch FHD Monitor Vga/2 Hdmi,"KSh 29,999",Refurbished,HP,Location: Along Tom mboya street  Opposite  Fire Station Pioneer Tom mboya street 3rd floor  room 30
https://jiji.co.ke/nairobi-central/computer-monitors/hp-z-series-24-edge-to-egde-monitor-aIVCztgYfM8ayafU47Sjq0Xj.html?page=21&pos=7&cur_pos=7&ads_per_page=24&ads_count=4939&lid=dWjwpbor9Z-yMZsG&indexPosition=6,"Hp Z Series 24"" Edge to Egde Monitor","KSh 10,499",Refurbished,HP,TURKANA BUSINESS CENTER 1st FLOOR Shop A15 Moi avenue just few meters from MKU Tower.
https://jiji.co.ke/nairobi-central/computer-monitors/brand-new-lg-curved-monitor-27u421a-9PjvWCOg23DTzSWQtOA7Q9Pr.html?page=21&pos=10&cur_pos=10&ads_per_page=24&ads_count=4939&lid=dWjwpbor9Z-yMZsG&indexPosition=9,"Brand New Lg Curved Monitor
27u421a-","KSh 33,000",Brand New,LG,Not available
https://jiji.co.ke/nairobi-central/computer-monitors/viotek-gaming-monitor-32-inch-curved-display-resolution-3WuIaXxSBjL1QWfupBJ6XS63.html?page=21&pos=13&cur_pos=13&ads_per_page=24&ads_count=4939&lid=dWjwpbor9Z-yMZsG&indexPosition=12,"Viotek Gaming Monitor 
32 Inch Curved Display
 Resolution","KSh 32,000",Refurbished,Viotek,Not available
https://jiji.co.ke/nairobi-central/computer-monitors/hp-z27n-g2-27-inch-qhd-2560-x-1440-ips-monitor-pXMFHqcmhDRRybD7Wq1S7nG9.html?page=21&pos=16&cur_pos=16&ads_per_page=24&ads_count=4939&lid=dWjwpbor9Z-yMZsG&indexPosition=15,Hp Z27n G2 27-inch Qhd 2560 X 1440 Ips Monitor,"KSh 16,000",Refurbished,HP,Rahimtulla trust building first floor shop 12 along moi avenue opposite Bihi towers
https://jiji.co.ke/nairobi-central/computer-monitors/dell-24-monitor-p2422h-full-hd-1080p-comfortview-plus-7EG8quxCDREOczknPs4vtjDl.html?page=21&pos=19&cur_pos=19&ads_per_page=24&ads_count=4939&lid=dWjwpbor9Z-yMZsG&indexPosition=18,"Dell 24 Monitor - P2422h - Full Hd 1080p, Comfortview Plus","KSh 12,999",Refurbished,Dell,"Nairobi , Moi Avenue, Rahimtulla Trust Building, 2nd floor, right wing, shop 34.opposite Bihi towers"
https://jiji.co.ke/nairobi-central/computer-monitors/dahua-lm22-b200-22-inch-full-hd-led-monitor-wSUdyARtFzDP9mQOObX7qz4M.html?page=21&pos=22&cur_pos=22&ads_per_page=24&ads_count=4939&lid=dWjwpbor9Z-yMZsG&indexPosition=21,Dahua LM22-B200 22-inch Full HD LED Monitor,"KSh 16,995",Brand New,Other,Kimathi Street
https://jiji.co.ke/nairobi-central/computer-monitors/lenovo-l22i-30-monitor-8OEfBo9xGew6g7zZdTKCRuUG.html?page=21&pos=2&cur_pos=2&ads_per_page=24&ads_count=4939&lid=dWjwpbor9Z-yMZsG&indexPosition=1,Lenovo L22i-30 Monitor,"KSh 18,399",Brand New,Lenovo,Old Mutual Building 3rd Floor Room 335 along Kimathi street
https://jiji.co.ke/nairobi-central/computer-monitors/nec-e201w-20-inch-monitor-lcd-stretch-tft-vga-display-dvi-uXBkqjWGpqFhJfMeWWu4l6V9.html?page=21&pos=5&cur_pos=5&ads_per_page=24&ads_count=4939&lid=dWjwpbor9Z-yMZsG&indexPosition=4,"Nec E201w 20 Inch Monitor 
LCD Stretch TFT
 
Vga/Display/Dvi","KSh 3,999",Refurbished,NEC,Location: Along Tom mboya street  Opposite  Fire Station Pioneer Tom mboya street 3rd floor  room 30
https://jiji.co.ke/nairobi-central/computer-monitors/hp-m24fe-monitor-l0cZPYnNbgBPKeXBRFNJJbXy.html?page=21&pos=8&cur_pos=8&ads_per_page=24&ads_count=4939&lid=dWjwpbor9Z-yMZsG&indexPosition=7,Hp M24fe Monitor,"KSh 24,999",Brand New,HP,TURKANA BUSINESS CENTER 1st FLOOR Shop A15 Moi avenue just few meters from MKU Tower.
https://jiji.co.ke/nairobi-central/computer-monitors/lenovo-thinkvision-s27e-20-27-full-hd-monitor-5QZWWrcsU05IAfRMzXbOkTRf.html?page=21&pos=11&cur_pos=11&ads_per_page=24&ads_count=4939&lid=dWjwpbor9Z-yMZsG&indexPosition=10,"Lenovo Thinkvision S27e-20 27"" Full HD Monitor^","KSh 29,999",Brand New,Lenovo,"Located Kimathi Street, Pioneer Building 4th Flr, Room 4.Next to Nation Centre Opposite Stanbic Bank"
https://jiji.co.ke/nairobi-central/computer-monitors/hp-m24m-23-8-fhd-conferencing-monitor-hffXQXjDQrf72Dp5VS7jOjKt.html?page=21&pos=14&cur_pos=14&ads_per_page=24&ads_count=4939&lid=dWjwpbor9Z-yMZsG&indexPosition=13,"HP M24m 23.8"" FHD Conferencing Monitor","KSh 37,999",Brand New,HP,"Located Kimathi Street, Pioneer Building 4th Flr, Room 4.Next to Nation Centre Opposite Stanbic Bank"
https://jiji.co.ke/nairobi-central/computer-monitors/complete-24-inch-edge-to-edge-monitor-hp-800-g4-i5-8gb-ram-500gb-QfLQB2UbyNGRqZpi9UbcK1y.html?page=21&pos=17&cur_pos=17&ads_per_page=24&ads_count=4939&lid=dWjwpbor9Z-yMZsG&indexPosition=16,Complete 24 Inch Edge to Edge Monitor Hp 800 G4 I5 8gb Ram /500gb,"KSh 31,000",Refurbished,Dell,Rahimtulla trust building first floor shop 12 along moi avenue opposite Bihi towers
https://jiji.co.ke/nairobi-central/computer-monitors/new-lenovo-l32p-30-32-inch-uhd-usb-type-c-monitor-4cbV54rvARe7NyV0u4XeeAEt.html?page=21&pos=20&cur_pos=20&ads_per_page=24&ads_count=4939&lid=dWjwpbor9Z-yMZsG&indexPosition=19,"New Lenovo L32p-30 32"" Inch Uhd USB Type C Monitor","KSh 72,999",Brand New,Lenovo,"Nairobi , Moi Avenue, Rahimtulla Trust Building, 2nd floor, right wing, shop 34.opposite Bihi towers"
https://jiji.co.ke/nairobi-central/computer-monitors/samsung-g85sd-34-uwqhd-oled-curved-smart-gaming-monitor-AXHbUQWsbkkfVzdEDv3Lbz0.html?page=21&pos=23&cur_pos=23&ads_per_page=24&ads_count=4939&lid=dWjwpbor9Z-yMZsG&indexPosition=22,"Samsung G85sd 34"" Uwqhd Oled Curved Smart Gaming Monitor","KSh 150,000",Brand New,Samsung,Kimathi Street
https://jiji.co.ke/nairobi-central/computer-monitors/hp-m24fw-fhd-monitor-hVmRdiSB6Qtcb8eyHvHNnJaR.html?page=21&pos=3&cur_pos=3&ads_per_page=24&ads_count=4939&lid=dWjwpbor9Z-yMZsG&indexPosition=2,HP M24fw FHD Monitor,"KSh 19,398",Brand New,HP,Old Mutual Building 3rd Floor Room 335 along Kimathi street
https://jiji.co.ke/nairobi-central/computer-monitors/google-p2719ec-monitor-size-27-inch-ips-resolution-display-wLrUDF0ViYbKfV4KsLaN2uoK.html?page=21&pos=6&cur_pos=6&ads_per_page=24&ads_count=4939&lid=dWjwpbor9Z-yMZsG&indexPosition=5,"Google P2719ec Monitor 
Size:27 Inch Ips
Resolution: Display","KSh 18,500",Refurbished,Google,Location: Along Tom mboya street  Opposite  Fire Station Pioneer Tom mboya street 3rd floor  room 30
https://jiji.co.ke/nairobi-central/computer-monitors/hp-27-slim-monitor-black-hp-527sf-BZNUVZ9gsmeqNovg9eGAUWoC.html?page=21&pos=9&cur_pos=9&ads_per_page=24&ads_count=4939&lid=dWjwpbor9Z-yMZsG&indexPosition=8,"Hp 27"" Slim Monitor Black Hp 527sf","KSh 23,999",Brand New,HP,TURKANA BUSINESS CENTER 1st FLOOR Shop A15 Moi avenue just few meters from MKU Tower.
https://jiji.co.ke/nairobi-central/computer-monitors/hp-m24m-23-8-fhd-conferencing-monitor-integrated-webcam-fjyWFxcJtyMsaOCvWAHEMnmH.html?page=21&pos=12&cur_pos=12&ads_per_page=24&ads_count=4939&lid=dWjwpbor9Z-yMZsG&indexPosition=11,"HP M24m 23.8"" FHD Conferencing Monitor, Integrated Webcam","KSh 37,999",Brand New,HP,"Located Kimathi Street, Pioneer Building 4th Flr, Room 4.Next to Nation Centre Opposite Stanbic Bank"
https://jiji.co.ke/nairobi-central/computer-monitors/acer-v247y-24-inch-monitor-1080p-resolution-BChGg6ZookUkqrthM0HItUCo.html?page=21&pos=15&cur_pos=15&ads_per_page=24&ads_count=4939&lid=dWjwpbor9Z-yMZsG&indexPosition=14,"Acer V247y 24 Inch Monitor 
1080p Resolution","KSh 12,000",Refurbished,Acer,Not available
https://jiji.co.ke/nairobi-central/computer-monitors/dell-p2419h-24-full-hd-1920-x-1080-led-lcd-ips-monitor-hdmi-dp-vga-eO8QtU31iEld7XP1p0asUUUn.html?page=21&pos=18&cur_pos=18&ads_per_page=24&ads_count=4939&lid=dWjwpbor9Z-yMZsG&indexPosition=17,Dell P2419h 24 Full Hd 1920 X 1080 Led LCD Ips Monitor Hdmi Dp Vga,"KSh 14,500",Refurbished,Dell,Rahimtulla trust building first floor shop 12 along moi avenue opposite Bihi towers
https://jiji.co.ke/nairobi-central/computer-monitors/dell-24-monitor-p2422h-full-hd-1080p-ips-technology-lgyW7Gk5XPOkLOMJaAyffK9f.html?page=21&pos=21&cur_pos=21&ads_per_page=24&ads_count=4939&lid=dWjwpbor9Z-yMZsG&indexPosition=20,"Dell 24 Monitor - P2422h - Full Hd 1080p, Ips Technology","KSh 12,999",Refurbished,Dell,"Nairobi , Moi Avenue, Rahimtulla Trust Building, 2nd floor, right wing, shop 34.opposite Bihi towers"
https://jiji.co.ke/nairobi-central/computer-monitors/hp-v194-18-5-inch-hd-monitor-with-vga-port-5yr89as-pmoU9B1CqwVvfw5vUUeFwHs0.html?page=21&pos=24&cur_pos=24&ads_per_page=24&ads_count=4939&lid=dWjwpbor9Z-yMZsG&indexPosition=23,HP V194 18.5-Inch HD Monitor With VGA Port (5yr89as),"KSh 18,499",Brand New,HP,Kimathi Street
https://jiji.co.ke/nairobi-central/computer-monitors/hp-524sh-series-5-23-8-fhd-monitor-r0QM9HbSxYiXJinAYUo3GdUv.html?page=22&pos=1&cur_pos=1&ads_per_page=24&ads_count=4939&lid=aYoliTl0dCl1wK7b&indexPosition=0,"Hp 524sh Series 5 23.8"" FHD Monitor,","KSh 19,500",Brand New,HP,Kimathi Street
https://jiji.co.ke/nairobi-central/computer-monitors/hp-24-inches-frameless-monitor-a6VNzDRAY8DkMiTAyvaqNlKf.html?page=22&pos=4&cur_pos=4&ads_per_page=24&ads_count=4939&lid=aYoliTl0dCl1wK7b&indexPosition=3,HP 24 Inches Frameless Monitor,"KSh 9,500",Refurbished,HP,Not available
https://jiji.co.ke/nairobi-central/computer-monitors/huawei-24-inches-frameless-monitor-available-cMUBR2RkJ25zD1BwC3yzFyoh.html?page=22&pos=7&cur_pos=7&ads_per_page=24&ads_count=4939&lid=aYoliTl0dCl1wK7b&indexPosition=6,Huawei 24 Inches Frameless Monitor Available,"KSh 7,999",Refurbished,Other,imenti house along Tom Mboya street opposite dominion
https://jiji.co.ke/nairobi-central/computer-monitors/asus-20-inches-wide-monitor-aSvKNXnSbfyvXJsAb6q7AXrC.html?page=22&pos=10&cur_pos=10&ads_per_page=24&ads_count=4939&lid=aYoliTl0dCl1wK7b&indexPosition=9,ASUS 20 Inches Wide Monitor,"KSh 3,500",Refurbished,Asus,imenti house along Tom Mboya street opposite dominion
https://jiji.co.ke/nairobi-central/computer-monitors/dell-49inch-curved-monitor-model-u4919dw-34OLbz1BRVtSCTfZ3i0mKWsr.html?page=22&pos=13&cur_pos=13&ads_per_page=24&ads_count=4939&lid=aYoliTl0dCl1wK7b&indexPosition=12,"Dell 49inch Curved Monitor 
Model:U4919dw","KSh 149,999",Refurbished,Dell,Location: Along Tom mboya street  Opposite  Fire Station Pioneer Tom mboya street 3rd floor  room 30
https://jiji.co.ke/nairobi-central/computer-monitors/lenovo-thinkvision-s22i-30-21-5-fhd-monitor-bK53LPXygQthWlU4A443Lt2.html?page=22&pos=16&cur_pos=16&ads_per_page=24&ads_count=4939&lid=aYoliTl0dCl1wK7b&indexPosition=15,"Lenovo Thinkvision S22i-30 21.5"" FHD Monitor","KSh 12,999",Brand New,Lenovo,TURKANA BUSINESS CENTER 1st FLOOR Shop A15 Moi avenue just few meters from MKU Tower.
https://jiji.co.ke/nairobi-central/computer-monitors/lg-27-uhd-monitor-d45DgFmTYWW285OHNK7mp7uc.html?page=22&pos=19&cur_pos=19&ads_per_page=24&ads_count=4939&lid=aYoliTl0dCl1wK7b&indexPosition=18,"LG 27"" Uhd Monitor","KSh 49,499",Brand New,LG,"Located Kimathi Street, Pioneer Building 4th Flr, Room 4.Next to Nation Centre Opposite Stanbic Bank"
https://jiji.co.ke/nairobi-central/computer-monitors/hp-z24n-g3-24-inch-frameless-monitor-cUDEwEcOh7UxAb4Td597DmkU.html?page=22&pos=22&cur_pos=22&ads_per_page=24&ads_count=4939&lid=aYoliTl0dCl1wK7b&indexPosition=21,Hp Z24n G3 24 Inch Frameless Monitor,"KSh 14,499",Refurbished,HP,Not available
https://jiji.co.ke/nairobi-central/computer-monitors/alienware-25-gaming-monitor-aw2521hf-hRpC1bGdYqmzydrZjMCPKgpV.html?page=22&pos=2&cur_pos=2&ads_per_page=24&ads_count=4939&lid=aYoliTl0dCl1wK7b&indexPosition=1,Alienware 25 Gaming Monitor (AW2521HF),"KSh 54,999",Brand New,Alienware,Kimathi Street
https://jiji.co.ke/nairobi-central/computer-monitors/benq-gl2780-27-fhd-monitor-mfd5wJYl5A2Woq5XUgx2l61A.html?page=22&pos=5&cur_pos=5&ads_per_page=24&ads_count=4939&lid=aYoliTl0dCl1wK7b&indexPosition=4,Benq GL2780 27′′ FHD Monitor,"KSh 26,499",Brand New,BenQ,Old Mutual Building 3rd Floor Room 335 along Kimathi street
https://jiji.co.ke/nairobi-central/computer-monitors/hp-m27fe-fhd-monitor-3pyPljAmowaHrg65CoL3MyCo.html?page=22&pos=8&cur_pos=8&ads_per_page=24&ads_count=4939&lid=aYoliTl0dCl1wK7b&indexPosition=7,HP M27fe FHD Monitor,"KSh 27,999",Brand New,HP,Old Mutual Building 3rd Floor Room 335 along Kimathi street
https://jiji.co.ke/nairobi-central/computer-monitors/lg-34cb99-34-inches-curved-monitor-wqhd-3440x1440-6mvz47ayhMgBoSqwEIcfpFun.html?page=22&pos=11&cur_pos=11&ads_per_page=24&ads_count=4939&lid=aYoliTl0dCl1wK7b&indexPosition=10,"LG 34CB99 34 Inches Curved Monitor,WQHD 3440×1440","KSh 45,999",Refurbished,LG,Location: Along Tom mboya street  Opposite  Fire Station Pioneer Tom mboya street 3rd floor  room 30
https://jiji.co.ke/nairobi-central/computer-monitors/hp-z32k-g3-31-5-inch-usb-c-monitor-tKodvEKTKOUzlsOZP8EeDwzZ.html?page=22&pos=14&cur_pos=14&ads_per_page=24&ads_count=4939&lid=aYoliTl0dCl1wK7b&indexPosition=13,Hp Z32k G3 31.5 Inch Usb-C Monitor,"KSh 54,999",Brand New,HP,TURKANA BUSINESS CENTER 1st FLOOR Shop A15 Moi avenue just few meters from MKU Tower.
https://jiji.co.ke/nairobi-central/computer-monitors/hp-e27-g5-27-full-hd-lcd-monitor-9Ttx6QW6QYPGt1OEGOEGAiMg.html?page=22&pos=17&cur_pos=17&ads_per_page=24&ads_count=4939&lid=aYoliTl0dCl1wK7b&indexPosition=16,"Hp E27 G5 27"" Full Hd LCD Monitor","KSh 28,899",Brand New,HP,"Located Kimathi Street, Pioneer Building 4th Flr, Room 4.Next to Nation Centre Opposite Stanbic Bank"
https://jiji.co.ke/nairobi-central/computer-monitors/samsung-lf32tu87-32-inch-monitor-type-c-90w-power-delivery-hxIUMxpY9a1wucONg8V5ieR5.html?page=22&pos=20&cur_pos=20&ads_per_page=24&ads_count=4939&lid=aYoliTl0dCl1wK7b&indexPosition=19,"Samsung Lf32tu87
32 Inch Monitor 
Type C 90w Power Delivery","KSh 28,999",Refurbished,Samsung,Not available
https://jiji.co.ke/nairobi-central/computer-monitors/hp-e24-g4-24-fhd-ips-eye-ease-monitor-v8DCTy3TnUAMH5NpPumnmOLH.html?page=22&pos=23&cur_pos=23&ads_per_page=24&ads_count=4939&lid=aYoliTl0dCl1wK7b&indexPosition=22,Hp E24 G4 24 Fhd Ips Eye Ease Monitor,"KSh 9,500",Refurbished,HP,Rahimtulla trust building first floor shop 12 along moi avenue opposite Bihi towers
https://jiji.co.ke/nairobi-central/computer-monitors/dell-e2020h-19-5-inch-led-backlit-monitor-rIyYHCFOMXkTl5qu2IDmwfan.html?page=22&pos=3&cur_pos=3&ads_per_page=24&ads_count=4939&lid=aYoliTl0dCl1wK7b&indexPosition=2,Dell E2020H 19.5 Inch LED Backlit Monitor,"KSh 13,998",Brand New,Dell,Kimathi Street
https://jiji.co.ke/nairobi-central/computer-monitors/24-inches-hp-monitor-edge-to-edge-vX7QVKGAuENPMRDv0c0Z0dci.html?page=22&pos=6&cur_pos=6&ads_per_page=24&ads_count=4939&lid=aYoliTl0dCl1wK7b&indexPosition=5,24 Inches HP Monitor Edge to Edge,"KSh 7,000",Refurbished,HP,imenti house along Tom Mboya street opposite dominion
https://jiji.co.ke/nairobi-central/computer-monitors/lenovo-c27-30-27-fhd-monitor-62aakat6uk-BQkd0SRcBYTAADyXUmJkQbBd.html?page=22&pos=9&cur_pos=9&ads_per_page=24&ads_count=4939&lid=aYoliTl0dCl1wK7b&indexPosition=8,"Lenovo C27-30 27"" FHD Monitor 62AAKAT6UK","KSh 27,499",Brand New,Lenovo,Old Mutual Building 3rd Floor Room 335 along Kimathi street
https://jiji.co.ke/nairobi-central/computer-monitors/hp-p22h-g4-22-inch-monitor-full-hd-1080-1920-60hz-hdmi-display-vga-ngpdOgyOiicWPKDCiXpOfhdy.html?page=22&pos=12&cur_pos=12&ads_per_page=24&ads_count=4939&lid=aYoliTl0dCl1wK7b&indexPosition=11,"HP P22h G4 22 Inch Monitor Full Hd 1080*1920
60hz
Hdmi/Display/Vga","KSh 9,000",Refurbished,HP,Location: Along Tom mboya street  Opposite  Fire Station Pioneer Tom mboya street 3rd floor  room 30
https://jiji.co.ke/nairobi-central/computer-monitors/lg-myview-31-5-fhd-smart-monitor-eQtuuHtG9hYBrOXgUZXc32X6.html?page=22&pos=15&cur_pos=15&ads_per_page=24&ads_count=4939&lid=aYoliTl0dCl1wK7b&indexPosition=14,"LG Myview 31.5"" FHD Smart Monitor","KSh 34,999",Brand New,LG,TURKANA BUSINESS CENTER 1st FLOOR Shop A15 Moi avenue just few meters from MKU Tower.
https://jiji.co.ke/nairobi-central/computer-monitors/hp-e23-g4-23-inch-fhd-1080p-ips-frameless-display-monitor-g2bzp7CYa6rPQnAbKCfIWROu.html?page=22&pos=18&cur_pos=18&ads_per_page=24&ads_count=4939&lid=aYoliTl0dCl1wK7b&indexPosition=17,Hp E23 G4 23-Inch FHD(1080p)IPS Frameless Display Monitor,"KSh 22,499",Brand New,HP,"Located Kimathi Street, Pioneer Building 4th Flr, Room 4.Next to Nation Centre Opposite Stanbic Bank"
https://jiji.co.ke/nairobi-central/computer-monitors/lg-34-inch-curved-monitor-model-34cb99-w-size-34inch-uBGwQsq8MhurDEwJPd4izo3i.html?page=22&pos=21&cur_pos=21&ads_per_page=24&ads_count=4939&lid=aYoliTl0dCl1wK7b&indexPosition=20,"Lg 34 Inch Curved Monitor 
Model :34cb99-W
Size :34inch","KSh 56,000",Refurbished,LG,Not available
https://jiji.co.ke/nairobi-central/computer-monitors/hyperx-armada-25-24-5-240hz-1080p-gaming-monitor-89PdjNrHUIV3exfrQD2YreuT.html?page=22&pos=24&cur_pos=24&ads_per_page=24&ads_count=4939&lid=aYoliTl0dCl1wK7b&indexPosition=23,Hyperx Armada 25 24.5 240hz 1080p Gaming Monitor,"KSh 25,499",Brand New,HP,Rahimtulla trust building first floor shop 12 along moi avenue opposite Bihi towers
https://jiji.co.ke/nairobi-central/computer-monitors/brand-new-samsung-essential-monitor-27-fhd-monitor-ls27c310eamxue-nMtkBqfDWZPkW7knep5RkZqj.html?page=23&pos=1&cur_pos=1&ads_per_page=24&ads_count=5052&lid=GHZFguA6DNVjhoae&indexPosition=0,Brand New Samsung Essential Monitor 27 Fhd Monitor- Ls27c310eamxue,"KSh 25,499",Brand New,Samsung,Rahimtulla trust building first floor shop 12 along moi avenue opposite Bihi towers
https://jiji.co.ke/nairobi-central/computer-monitors/samsung-g50d-27-qhd-gaming-monitor-2560x1440-16-9-180hz-dcQUeckgKejugkouM6badNF1.html?page=23&pos=4&cur_pos=4&ads_per_page=24&ads_count=5052&lid=GHZFguA6DNVjhoae&indexPosition=3,"Samsung G50d 27"" QHD Gaming Monitor, 2560x1440, 16:9, 180hz,","KSh 43,000",Brand New,Samsung,Kimathi Street
https://jiji.co.ke/nairobi-central/computer-monitors/hp-24fw-24inches-monitor-CyoapyXL5HzkyoEQ7PXFf9nY.html?page=23&pos=7&cur_pos=7&ads_per_page=24&ads_count=5052&lid=GHZFguA6DNVjhoae&indexPosition=6,HP 24FW 24inches Monitor,"KSh 26,499",Brand New,HP,Old Mutual Building 3rd Floor Room 335 along Kimathi street
https://jiji.co.ke/nairobi-central/computer-monitors/hp-p32u-g5-32-inch-qhd-2560-1440-monitor-pAeunGWRzIN7ozUnf8sfMI3p.html?page=23&pos=10&cur_pos=10&ads_per_page=24&ads_count=5052&lid=GHZFguA6DNVjhoae&indexPosition=9,"HP P32u G5 
32 Inch QHD (2560*1440)monitor","KSh 35,000",Refurbished,HP,Location: Along Tom mboya street  Opposite  Fire Station Pioneer Tom mboya street 3rd floor  room 30
https://jiji.co.ke/nairobi-central/computer-monitors/lenovo-l24i-4a-23-8-fhd-monitor-pw6YdHqMltdhzMpelgFmwfmn.html?page=23&pos=13&cur_pos=13&ads_per_page=24&ads_count=5052&lid=GHZFguA6DNVjhoae&indexPosition=12,"Lenovo L24i-4a 23.8"" FHD Monitor","KSh 17,999",Brand New,Lenovo,TURKANA BUSINESS CENTER 1st FLOOR Shop A15 Moi avenue just few meters from MKU Tower.
https://jiji.co.ke/nairobi-central/computer-monitors/lenovo-l27q-4a-27-qhd-monitor-integrated-speakers-ftt79aYNXBaTDptgtYv3QsiO.html?page=23&pos=16&cur_pos=16&ads_per_page=24&ads_count=5052&lid=GHZFguA6DNVjhoae&indexPosition=15,"Lenovo L27q-4a 27"" QHD Monitor, Integrated Speakers","KSh 30,999",Brand New,Lenovo,"Located Kimathi Street, Pioneer Building 4th Flr, Room 4.Next to Nation Centre Opposite Stanbic Bank"
https://jiji.co.ke/nairobi-central/computer-monitors/lenovo-g34w-30-lenovo-g34w-30-monitors-34-inches-rDOOPoMXuB77LMEAqFq4kdwq.html?page=23&pos=19&cur_pos=19&ads_per_page=24&ads_count=5052&lid=GHZFguA6DNVjhoae&indexPosition=18,*Lenovo G34w-30 Lenovo G34w-30 Monitor's 34-Inches,"KSh 74,999",Brand New,Lenovo,Not available
https://jiji.co.ke/nairobi-central/computer-monitors/hp-p27h-27-inch-g4-fhd-ips-display-monitor-75hz-refresh-rate-C66CbidjsA7gc2Tn0bQfYnJU.html?page=23&pos=22&cur_pos=22&ads_per_page=24&ads_count=5052&lid=GHZFguA6DNVjhoae&indexPosition=21,HP P27h 27-Inch G4 FHD IPS Display Monitor 75hz Refresh Rate,"KSh 28,500",Brand New,HP,"Nairobi , Moi Avenue, Rahimtulla Trust Building, 2nd floor, right wing, shop 34.opposite Bihi towers"
https://jiji.co.ke/nairobi-central/computer-monitors/lenovo-l24i-4a-23-8-fhd-monitor-oC2svFKVwlGJXNxHqMyaMIaR.html?page=23&pos=2&cur_pos=2&ads_per_page=24&ads_count=5052&lid=GHZFguA6DNVjhoae&indexPosition=1,"Lenovo L24i-4a 23.8"" FHD Monitor","KSh 17,699",Brand New,Lenovo,Kimathi Street
https://jiji.co.ke/nairobi-central/computer-monitors/hp-x24c-gaming-monitor-144hz-1JGv6DtUuGWQbVLKZjLsnQRF.html?page=23&pos=5&cur_pos=5&ads_per_page=24&ads_count=5052&lid=GHZFguA6DNVjhoae&indexPosition=4,Hp X24c Gaming Monitor 144hz,"KSh 27,489",Brand New,HP,Old Mutual Building 3rd Floor Room 335 along Kimathi street
https://jiji.co.ke/nairobi-central/computer-monitors/20-inches-lenovo-monitor-refurbished-3KVus0lUR5HNTMjCQxqyuzZ6.html?page=23&pos=8&cur_pos=8&ads_per_page=24&ads_count=5052&lid=GHZFguA6DNVjhoae&indexPosition=7,20 Inches Lenovo Monitor Refurbished,"KSh 3,500",Refurbished,Lenovo,imenti house along Tom Mboya street opposite dominion
https://jiji.co.ke/nairobi-central/computer-monitors/hp-series-5-524sw-24-inch-full-hd-monitor-Crvls39og2JgozOboN7WVnjY.html?page=23&pos=11&cur_pos=11&ads_per_page=24&ads_count=5052&lid=GHZFguA6DNVjhoae&indexPosition=10,"Hp Series 5 524sw 
24 Inch Full Hd Monitor","KSh 20,000",Refurbished,HP,Location: Along Tom mboya street  Opposite  Fire Station Pioneer Tom mboya street 3rd floor  room 30
https://jiji.co.ke/nairobi-central/computer-monitors/hp-m24fe-monitor-l0cZPYnNbgBPKeXBRFNJJbXy.html?page=23&pos=14&cur_pos=14&ads_per_page=24&ads_count=5052&lid=GHZFguA6DNVjhoae&indexPosition=13,Hp M24fe Monitor,"KSh 24,999",Brand New,HP,TURKANA BUSINESS CENTER 1st FLOOR Shop A15 Moi avenue just few meters from MKU Tower.
https://jiji.co.ke/nairobi-central/computer-monitors/hp-series-5-23-8-inch-fhd-white-monitor-524sw-cicAO9f9kROlnf9L042uWtYn.html?page=23&pos=17&cur_pos=17&ads_per_page=24&ads_count=5052&lid=GHZFguA6DNVjhoae&indexPosition=16,"HP Series 5 23.8 Inch FHD White Monitor
- 524sw","KSh 22,499",Brand New,HP,"Located Kimathi Street, Pioneer Building 4th Flr, Room 4.Next to Nation Centre Opposite Stanbic Bank"
https://jiji.co.ke/nairobi-central/computer-monitors/phillips-e243s7e-monitor-24-inch-full-hd-nNq9AxDRmM5UllVqHZt2SKBt.html?page=23&pos=20&cur_pos=20&ads_per_page=24&ads_count=5052&lid=GHZFguA6DNVjhoae&indexPosition=19,"Phillips E243s7e Monitor
24 Inch Full Hd","KSh 10,500",Refurbished,Philips,Not available
https://jiji.co.ke/nairobi-central/computer-monitors/dell-20-inch-wide-small-thin-monitor-computer-desktop-31avsYYYz63Ql0potyjDYlDO.html?page=23&pos=23&cur_pos=23&ads_per_page=24&ads_count=5052&lid=GHZFguA6DNVjhoae&indexPosition=22,"Dell 20 -Inch Wide Small Thin Monitor , Computer Desktop","KSh 4,800",Refurbished,Dell,"Nairobi , Moi Avenue, Rahimtulla Trust Building, 2nd floor, right wing, shop 34.opposite Bihi towers"
https://jiji.co.ke/nairobi-central/computer-monitors/dell-20-inch-monitor-display-e2020h-A6UbfB9pKbrx4m13vDwbQEob.html?page=23&pos=3&cur_pos=3&ads_per_page=24&ads_count=5052&lid=GHZFguA6DNVjhoae&indexPosition=2,Dell 20 Inch Monitor Display - E2020H,"KSh 13,998",Brand New,Dell,Kimathi Street
https://jiji.co.ke/nairobi-central/computer-monitors/hp-v241ib-23-8-fhd-monitor-black-color-connectivity-1-v-Bc3wZquxZesx1k4jg46OLaZX.html?page=23&pos=6&cur_pos=6&ads_per_page=24&ads_count=5052&lid=GHZFguA6DNVjhoae&indexPosition=5,"HP V241ib 23.8"" FHD Monitor, Black Color, Connectivity : 1 V","KSh 20,499",Brand New,HP,Old Mutual Building 3rd Floor Room 335 along Kimathi street
https://jiji.co.ke/nairobi-central/computer-monitors/hp-24-inch-monitor-model-p24h-g5-size-24inches-fxN9uQVa5GFx9GXK6mKCU9gk.html?page=23&pos=9&cur_pos=9&ads_per_page=24&ads_count=5052&lid=GHZFguA6DNVjhoae&indexPosition=8,"Hp 24 Inch Monitor 
Model: P24h G5 
Size : 24inches","KSh 18,000",Refurbished,HP,Location: Along Tom mboya street  Opposite  Fire Station Pioneer Tom mboya street 3rd floor  room 30
https://jiji.co.ke/nairobi-central/computer-monitors/dell-u2717d-27-qhd-ips-monitor-d6uNRArmnvlygCu5bkQVdaoZ.html?page=23&pos=12&cur_pos=12&ads_per_page=24&ads_count=5052&lid=GHZFguA6DNVjhoae&indexPosition=11,Dell U2717d 27” QHD Ips Monitor,"KSh 23,999",Brand New,Dell,TURKANA BUSINESS CENTER 1st FLOOR Shop A15 Moi avenue just few meters from MKU Tower.
https://jiji.co.ke/nairobi-central/computer-monitors/hp-e24-g5-23-8-fhd-monitor-black-color-aBQ4nxwhVobkX6HHFVDgmmxj.html?page=23&pos=15&cur_pos=15&ads_per_page=24&ads_count=5052&lid=GHZFguA6DNVjhoae&indexPosition=14,"HP E24 G5 23.8"" FHD Monitor Black Color","KSh 25,499",Brand New,HP,"Located Kimathi Street, Pioneer Building 4th Flr, Room 4.Next to Nation Centre Opposite Stanbic Bank"
https://jiji.co.ke/nairobi-central/computer-monitors/dell-22-inch-monitor-vga-dvi-display-n1ptJMfIbObus2cWS8vGdpSf.html?page=23&pos=18&cur_pos=18&ads_per_page=24&ads_count=5052&lid=GHZFguA6DNVjhoae&indexPosition=17,"Dell 22 Inch Monitor 
Vga/Dvi /Display","KSh 6,000",Refurbished,Dell,Not available
https://jiji.co.ke/nairobi-central/computer-monitors/dell-p2419h-24-full-hd-edge-to-edge-monitor-black-B6Iy6ayA99vikwZ2Mw8dr2Yz.html?page=23&pos=21&cur_pos=21&ads_per_page=24&ads_count=5052&lid=GHZFguA6DNVjhoae&indexPosition=20,"Dell P2419h 24"" Full Hd Edge to Edge Monitor - Black","KSh 12,500",Refurbished,Dell,"Nairobi , Moi Avenue, Rahimtulla Trust Building, 2nd floor, right wing, shop 34.opposite Bihi towers"
https://jiji.co.ke/nairobi-central/computer-monitors/new-lenovo-l15-15-6-fhd-usb-c-portable-monitor-connectivity-2-usb-c-Ols3PfLcT8ggQ0Qqug3weVD.html?page=23&pos=24&cur_pos=24&ads_per_page=24&ads_count=5052&lid=GHZFguA6DNVjhoae&indexPosition=23,"New Lenovo L15 15.6 FHD Usb-C Portable Monitor,Connectivity 2 Usb- C","KSh 28,499",Brand New,Lenovo,Rahimtulla trust building first floor shop 12 along moi avenue opposite Bihi towers
https://jiji.co.ke/nairobi-central/computer-monitors/brand-new-sealed-hp-m32f-32-inch-fhd-monitor-fePZTI5I4cSAATQCGvuEYyFs.html?page=24&pos=1&cur_pos=1&ads_per_page=24&ads_count=5052&lid=uw95YO4eJS_IWpT7&indexPosition=0,"Brand New Sealed HP M32F 32"" -Inch FHD Monitor","KSh 35,500",Brand New,HP,"Nairobi , Moi Avenue, Rahimtulla Trust Building, 2nd floor, right wing, shop 34.opposite Bihi towers"
https://jiji.co.ke/nairobi-central/computer-monitors/hp-series-3-pro-27-inch-fhd-monitor-pCKQOvA4weK3GPTes0HnCjNT.html?page=24&pos=4&cur_pos=4&ads_per_page=24&ads_count=5052&lid=uw95YO4eJS_IWpT7&indexPosition=3,Hp Series 3 Pro 27 Inch FHD Monitor,"KSh 23,500",Brand New,HP,Kimathi Street
https://jiji.co.ke/nairobi-central/computer-monitors/lenovo-d19-10-18-5-hd-monitor-black-color-connectivity-Cm2Pg2BZ0KEXcCNfhFYH2Xhi.html?page=24&pos=7&cur_pos=7&ads_per_page=24&ads_count=5052&lid=uw95YO4eJS_IWpT7&indexPosition=6,"Lenovo D19-10 18.5"" Hd Monitor Black Color - Connectivity :","KSh 7,799",Brand New,Lenovo,Old Mutual Building 3rd Floor Room 335 along Kimathi street
https://jiji.co.ke/nairobi-central/computer-monitors/dell-e2723h-27-monitor-J9FLRPgvb4R7vnH8MNDAkkz.html?page=24&pos=10&cur_pos=10&ads_per_page=24&ads_count=5052&lid=uw95YO4eJS_IWpT7&indexPosition=9,"DELL E2723H 27"" Monitor","KSh 27,499",Brand New,Dell,TURKANA BUSINESS CENTER 1st FLOOR Shop A15 Moi avenue just few meters from MKU Tower.
https://jiji.co.ke/nairobi-central/computer-monitors/samsung-viewfinity-s8-32-uhd-hdr-usb-c-monitor-iTjsoANtBLATGQkpyfoWTtut.html?page=24&pos=13&cur_pos=13&ads_per_page=24&ads_count=5052&lid=uw95YO4eJS_IWpT7&indexPosition=12,"Samsung Viewfinity S8 32"" Uhd HDR Usb-C Monitor","KSh 56,999",Brand New,Samsung,"Located Kimathi Street, Pioneer Building 4th Flr, Room 4.Next to Nation Centre Opposite Stanbic Bank"
https://jiji.co.ke/nairobi-central/computer-monitors/omen-27q-by-hp-gaming-monitor-open-box-27-BREvwB3Mx9APdNRUEAA60d60.html?page=24&pos=16&cur_pos=16&ads_per_page=24&ads_count=5052&lid=uw95YO4eJS_IWpT7&indexPosition=15,Omen 27Q by HP Gaming Monitor Open Box 27,"KSh 39,999",Refurbished,HP,Not available
https://jiji.co.ke/nairobi-central/computer-monitors/hp-p27h-g4-monitor-27-inch-fhd-1920-x-1080-ips-led-monitor-kH5GzUKQ05oLOZFcPwVVPWrt.html?page=24&pos=19&cur_pos=19&ads_per_page=24&ads_count=5052&lid=uw95YO4eJS_IWpT7&indexPosition=18,"Hp P27h G4 Monitor 27-Inch, FHD 1920 X 1080 Ips Led Monitor","KSh 15,499",Refurbished,HP,Rahimtulla trust building first floor shop 12 along moi avenue opposite Bihi towers
https://jiji.co.ke/nairobi-central/computer-monitors/hp-z24n-g3-24-wuxga-led-lcd-monitor-silver-wqvStKrF0FigfXfQdEGvlddo.html?page=24&pos=22&cur_pos=22&ads_per_page=24&ads_count=5052&lid=uw95YO4eJS_IWpT7&indexPosition=21,Hp Z24n G3 24 Wuxga Led Lcd Monitor Silver,"KSh 20,999",Refurbished,HP,Rahimtulla trust building first floor shop 12 along moi avenue opposite Bihi towers
https://jiji.co.ke/nairobi-central/computer-monitors/samsung-lc24f390fhmxue-24-inch-essential-curved-monitor-fYNAKXQI4DwUtuED2fKmW86j.html?page=24&pos=2&cur_pos=2&ads_per_page=24&ads_count=5052&lid=uw95YO4eJS_IWpT7&indexPosition=1,Samsung LC24F390FHMXUE 24 Inch Essential Curved Monitor,"KSh 26,499",Brand New,Samsung,Kimathi Street
https://jiji.co.ke/nairobi-central/computer-monitors/alienware-25-inches-gaming-monitor-3oTTbWGN7F0lkaCHJaY7uLji.html?page=24&pos=5&cur_pos=5&ads_per_page=24&ads_count=5052&lid=uw95YO4eJS_IWpT7&indexPosition=4,Alienware 25 Inches Gaming Monitor,"KSh 63,000",Brand New,Dell,Old Mutual Building 3rd Floor Room 335 along Kimathi street
https://jiji.co.ke/nairobi-central/computer-monitors/19inches-hp-monitor-k0lypis638jBZo5R3IiSEqpE.html?page=24&pos=8&cur_pos=8&ads_per_page=24&ads_count=5052&lid=uw95YO4eJS_IWpT7&indexPosition=7,19inches Hp Monitor,"KSh 3,500",Refurbished,HP,imenti house along Tom Mboya street opposite dominion
https://jiji.co.ke/nairobi-central/computer-monitors/samsung-viewfinity-ur59-monitor-iealVgzVo3SObWXm5idIZhTN.html?page=24&pos=11&cur_pos=11&ads_per_page=24&ads_count=5052&lid=uw95YO4eJS_IWpT7&indexPosition=10,Samsung Viewfinity Ur59 Monitor,"KSh 58,999",Brand New,Samsung,TURKANA BUSINESS CENTER 1st FLOOR Shop A15 Moi avenue just few meters from MKU Tower.
https://jiji.co.ke/nairobi-central/computer-monitors/lenovo-l32p-30-31-5-uhd-monitor-lenovo-lc50-webcam-kS2hujt8FNhdmKc3Qxg3Z3km.html?page=24&pos=14&cur_pos=14&ads_per_page=24&ads_count=5052&lid=uw95YO4eJS_IWpT7&indexPosition=13,"Lenovo L32p-30 31.5"" Uhd Monitor + Lenovo Lc50 Webcam","KSh 63,999",Brand New,Lenovo,"Located Kimathi Street, Pioneer Building 4th Flr, Room 4.Next to Nation Centre Opposite Stanbic Bank"
https://jiji.co.ke/nairobi-central/computer-monitors/hp-series-5-pro-534pm-conferencing-monitor-34-inch-wqhd-3440-1440-wubHHgcNgQJoKYVOXogP3Dsc.html?page=24&pos=17&cur_pos=17&ads_per_page=24&ads_count=5052&lid=uw95YO4eJS_IWpT7&indexPosition=16,Hp Series 5 Pro 534pm Conferencing Monitor 34 Inch WQHD 3440*1440,"KSh 65,000",Refurbished,HP,Location: Along Tom mboya street  Opposite  Fire Station Pioneer Tom mboya street 3rd floor  room 30
https://jiji.co.ke/nairobi-central/computer-monitors/dell-p2425h-24-monitor-fhd-hdmi-dp-vga-usb-1920-x-1080-zoI4YQpRg3wsUSfG7Squ0aAV.html?page=24&pos=20&cur_pos=20&ads_per_page=24&ads_count=5052&lid=uw95YO4eJS_IWpT7&indexPosition=19,"Dell P2425h 24"" Monitor FHD Hdmi Dp Vga Usb 1920 X 1080","KSh 24,500",Brand New,Dell,"Nairobi , Moi Avenue, Rahimtulla Trust Building, 2nd floor, right wing, shop 34.opposite Bihi towers"
https://jiji.co.ke/nairobi-central/computer-monitors/edge-to-edge-monitor-24-inch-full-hd-dell-optiplex-3060-i5-8gb-512ssd-1bKVRPgVXuMrZpb9rKMhVnyo.html?page=24&pos=23&cur_pos=23&ads_per_page=24&ads_count=5052&lid=uw95YO4eJS_IWpT7&indexPosition=22,Edge to Edge Monitor 24 Inch Full Hd Dell Optiplex 3060 I5 8gb/512ssd,"KSh 29,000",Refurbished,Dell,Rahimtulla trust building first floor shop 12 along moi avenue opposite Bihi towers
https://jiji.co.ke/nairobi-central/computer-monitors/dell-se2225h-21-4-fhd-monitor-black-color-mnKebiR42xHvSRI9t8mTboJt.html?page=24&pos=3&cur_pos=3&ads_per_page=24&ads_count=5052&lid=uw95YO4eJS_IWpT7&indexPosition=2,"Dell Se2225h 21.4"" FHD Monitor, Black Color","KSh 12,700",Brand New,Dell,Kimathi Street
https://jiji.co.ke/nairobi-central/computer-monitors/lenovo-think-vision-monitor-li2054-19-5-ips-tft-aIgjcRhxLnyiUROKKP8bc821.html?page=24&pos=6&cur_pos=6&ads_per_page=24&ads_count=5052&lid=uw95YO4eJS_IWpT7&indexPosition=5,Lenovo Think Vision Monitor LI2054 19.5” IPS TFT,"KSh 9,500",Brand New,Lenovo,Old Mutual Building 3rd Floor Room 335 along Kimathi street
https://jiji.co.ke/nairobi-central/computer-monitors/samsung-ls27bm500emxue-27-smart-fhd-monitor-with-smart-tv-4XqAu1ozual7SUDYIv8EccWj.html?page=24&pos=9&cur_pos=9&ads_per_page=24&ads_count=5052&lid=uw95YO4eJS_IWpT7&indexPosition=8,Samsung Ls27bm500emxue 27” Smart FHD Monitor With Smart Tv,"KSh 29,999",Brand New,Samsung,TURKANA BUSINESS CENTER 1st FLOOR Shop A15 Moi avenue just few meters from MKU Tower.
https://jiji.co.ke/nairobi-central/computer-monitors/hp-m27f-hp-monitor-m27f-m-27f-monitor-m27f-pmJGPKsYgIYxeTk4ZwKxBUbm.html?page=24&pos=12&cur_pos=12&ads_per_page=24&ads_count=5052&lid=uw95YO4eJS_IWpT7&indexPosition=11,Hp M27f/ Hp Monitor! M27F M 27f Monitor //M27f,"KSh 22,499",Brand New,HP,"Located Kimathi Street, Pioneer Building 4th Flr, Room 4.Next to Nation Centre Opposite Stanbic Bank"
https://jiji.co.ke/nairobi-central/computer-monitors/acer-monitor-kjXSlZT0Sa2PYypYUGdtbZU6.html?page=24&pos=15&cur_pos=15&ads_per_page=24&ads_count=5052&lid=uw95YO4eJS_IWpT7&indexPosition=14,Acer Monitor,"KSh 9,000",Refurbished,Acer,Not available
https://jiji.co.ke/nairobi-central/computer-monitors/hp-27es-monitors-r45kbBhCJuJZTEoYPEAI78d7.html?page=24&pos=18&cur_pos=18&ads_per_page=24&ads_count=5052&lid=uw95YO4eJS_IWpT7&indexPosition=17,HP 27es Monitors,"KSh 26,000",Refurbished,HP,Not available
https://jiji.co.ke/nairobi-central/computer-monitors/dell-24-1080p-fhd-ips-lcd-monitor-dell-p2425h-brand-new-eSkRvu3BFqpyYOPpKgKiw75v.html?page=24&pos=21&cur_pos=21&ads_per_page=24&ads_count=5052&lid=uw95YO4eJS_IWpT7&indexPosition=20,Dell 24'' 1080p FHD Ips LCD Monitor - Dell-P2425h -Brand New,"KSh 26,999",Brand New,Dell,"Nairobi , Moi Avenue, Rahimtulla Trust Building, 2nd floor, right wing, shop 34.opposite Bihi towers"
https://jiji.co.ke/nairobi-central/computer-monitors/dell-u3417w-34-inch-curved-monitor-3440x1440-qhd-cyed9C01Uk0KdUqOsKL8yNzP.html?page=24&pos=24&cur_pos=24&ads_per_page=24&ads_count=5052&lid=uw95YO4eJS_IWpT7&indexPosition=23,"Dell U3417w
34 Inch Curved Monitor 
3440x1440 QHD","KSh 45,000",Refurbished,Dell,Location: Along Tom mboya street  Opposite  Fire Station Pioneer Tom mboya street 3rd floor  room 30
https://jiji.co.ke/nairobi-central/computer-monitors/hp-elitedisplay-e233-23-inch-full-hd-ips-monitor-cJROdZVurSluvtsAK3iiiewV.html?page=25&pos=1&cur_pos=1&ads_per_page=24&ads_count=4951&lid=kK0x-96JMh5YGoio&indexPosition=0,HP Elitedisplay E233 23 Inch Full HD IPS Monitor,"KSh 15,998",Brand New,HP,Kimathi Street
https://jiji.co.ke/nairobi-central/computer-monitors/samsung-24-curved-monitor-lc24f390fhmxue-mWfOzJKtSPQKp0vcbpXsdeR7.html?page=25&pos=4&cur_pos=4&ads_per_page=24&ads_count=4951&lid=kK0x-96JMh5YGoio&indexPosition=3,"SAMSUNG 24"" Curved Monitor(LC24F390FHMXUE)","KSh 26,999",Brand New,Samsung,Old Mutual Building 3rd Floor Room 335 along Kimathi street
https://jiji.co.ke/nairobi-central/computer-monitors/hp-z32k-g3-31-5-inch-usb-c-monitor-tKodvEKTKOUzlsOZP8EeDwzZ.html?page=25&pos=7&cur_pos=7&ads_per_page=24&ads_count=4951&lid=kK0x-96JMh5YGoio&indexPosition=6,Hp Z32k G3 31.5 Inch Usb-C Monitor,"KSh 54,999",Brand New,HP,TURKANA BUSINESS CENTER 1st FLOOR Shop A15 Moi avenue just few meters from MKU Tower.
https://jiji.co.ke/nairobi-central/computer-monitors/hp-m22f-22-inch-ips-fhd-1080p-frameless-display-monitor-w5qnQwPZl9Igf7dPKNzOVaFX.html?page=25&pos=10&cur_pos=10&ads_per_page=24&ads_count=4951&lid=kK0x-96JMh5YGoio&indexPosition=9,Hp M22f 22 Inch IPS FHD(1080p) Frameless Display Monitor,"KSh 17,999",Brand New,HP,"Located Kimathi Street, Pioneer Building 4th Flr, Room 4.Next to Nation Centre Opposite Stanbic Bank"
https://jiji.co.ke/nairobi-central/computer-monitors/phillips-e243s7e-monitor-24-inch-full-hd-nNq9AxDRmM5UllVqHZt2SKBt.html?page=25&pos=13&cur_pos=13&ads_per_page=24&ads_count=4951&lid=kK0x-96JMh5YGoio&indexPosition=12,"Phillips E243s7e Monitor
24 Inch Full Hd","KSh 10,500",Refurbished,Philips,Not available
https://jiji.co.ke/nairobi-central/computer-monitors/dell-p2422h-24-inch-monitor-fhd-hdmi-dp-vga-usb-1920-x-1080-fDoyIvQX8Y9OYgZx2fqdOurd.html?page=25&pos=16&cur_pos=16&ads_per_page=24&ads_count=4951&lid=kK0x-96JMh5YGoio&indexPosition=15,Dell P2422h 24 Inch Monitor FHD Hdmi Dp Vga USB 1920 X 1080,"KSh 12,999",Brand New,Dell,"Nairobi , Moi Avenue, Rahimtulla Trust Building, 2nd floor, right wing, shop 34.opposite Bihi towers"
https://jiji.co.ke/nairobi-central/computer-monitors/hp-m27f-fhd-monitor-27-inch-full-hd-1920-x-1080-resolution-7LHqZMkbJpKalzEZ9krxukWj.html?page=25&pos=19&cur_pos=19&ads_per_page=24&ads_count=4951&lid=kK0x-96JMh5YGoio&indexPosition=18,Hp M27f Fhd Monitor 27-inch Full Hd 1920 X 1080 Resolution,"KSh 21,999",Brand New,HP,Rahimtulla trust building first floor shop 12 along moi avenue opposite Bihi towers
https://jiji.co.ke/nairobi-central/computer-monitors/dell-u2520d-ultrasharp-25-inch-qhd-monitor-with-an-ips-panel-dwjdFtxB8N6j2gmq31Ruz3oK.html?page=25&pos=22&cur_pos=22&ads_per_page=24&ads_count=4951&lid=kK0x-96JMh5YGoio&indexPosition=21,Dell U2520d Ultrasharp 25-inch Qhd Monitor With An Ips Panel,"KSh 19,499",Refurbished,Dell,Rahimtulla trust building first floor shop 12 along moi avenue opposite Bihi towers
https://jiji.co.ke/nairobi-central/computer-monitors/dell-24-e2418hn-monitor-with-adjustable-stand-mEKN9SKLyK63OfgyWUnxL6K7.html?page=25&pos=2&cur_pos=2&ads_per_page=24&ads_count=4951&lid=kK0x-96JMh5YGoio&indexPosition=1,Dell 24′′ E2418HN Monitor With Adjustable Stand,"KSh 19,699",Brand New,Dell,Kimathi Street
https://jiji.co.ke/nairobi-central/computer-monitors/acer-27-display-monitor-vg270-with-speaker-vga-hdmi-w3QZtshWc6TmFmr2kT5xmEGk.html?page=25&pos=5&cur_pos=5&ads_per_page=24&ads_count=4951&lid=kK0x-96JMh5YGoio&indexPosition=4,"ACER 27"" Display Monitor VG270 With Speaker VGA, HDMI","KSh 26,499",Brand New,Other,Old Mutual Building 3rd Floor Room 335 along Kimathi street
https://jiji.co.ke/nairobi-central/computer-monitors/lg-myview-31-5-fhd-smart-monitor-eQtuuHtG9hYBrOXgUZXc32X6.html?page=25&pos=8&cur_pos=8&ads_per_page=24&ads_count=4951&lid=kK0x-96JMh5YGoio&indexPosition=7,"LG Myview 31.5"" FHD Smart Monitor","KSh 34,999",Brand New,LG,TURKANA BUSINESS CENTER 1st FLOOR Shop A15 Moi avenue just few meters from MKU Tower.
https://jiji.co.ke/nairobi-central/computer-monitors/lenovo-g34w-30-34-ultrawide-monitor-OxEO4XoeqSXB2O7Zqh4EhtW.html?page=25&pos=11&cur_pos=11&ads_per_page=24&ads_count=4951&lid=kK0x-96JMh5YGoio&indexPosition=10,"Lenovo G34w-30 34"" Ultrawide Monitor","KSh 66,999",Brand New,Lenovo,"Located Kimathi Street, Pioneer Building 4th Flr, Room 4.Next to Nation Centre Opposite Stanbic Bank"
https://jiji.co.ke/nairobi-central/computer-monitors/new-lenovo-g32qc-30-32-inch-qhd-165hz-curved-gaming-monitor-l32yFrJSygkbXcKENLiSQMFX.html?page=25&pos=14&cur_pos=14&ads_per_page=24&ads_count=4951&lid=kK0x-96JMh5YGoio&indexPosition=13,NEW Lenovo G32qc-30 32 INCH QHD 165hz Curved Gaming Monitor,"KSh 49,999",Brand New,Lenovo,"Nairobi , Moi Avenue, Rahimtulla Trust Building, 2nd floor, right wing, shop 34.opposite Bihi towers"
https://jiji.co.ke/nairobi-central/computer-monitors/brand-new-open-box-hyper-x-armada-25-fhd-gaming-monitor-BUfVrnTYAlN2Y4sVw9hWCzLf.html?page=25&pos=17&cur_pos=17&ads_per_page=24&ads_count=4951&lid=kK0x-96JMh5YGoio&indexPosition=16,"Brand New Open Box 
Hyper-X Armada 25
FHD Gaming Monitor","KSh 35,000",Brand New,Other,Not available
https://jiji.co.ke/nairobi-central/computer-monitors/lenovo-l15-15-6-fhd-usb-c-portable-monitor-connectivity-2-usb-c-rIilXgmmHaypewrzyndEnKIb.html?page=25&pos=20&cur_pos=20&ads_per_page=24&ads_count=4951&lid=kK0x-96JMh5YGoio&indexPosition=19,"Lenovo L15 15.6 FHD Usb-C Portable Monitor, Connectivity 2 Usb-C","KSh 29,999",Brand New,Lenovo,Rahimtulla trust building first floor shop 12 along moi avenue opposite Bihi towers
https://jiji.co.ke/nairobi-central/computer-monitors/brand-new-hp-v27i-27-inch-full-hd-monitor-ips-amd-free-sync-8iYARoRXMgtiCmmdsHRrI7Xd.html?page=25&pos=23&cur_pos=23&ads_per_page=24&ads_count=4951&lid=kK0x-96JMh5YGoio&indexPosition=22,"Brand New Hp V27i
27 Inch Full Hd Monitor 
Ips ,Amd Free Sync","KSh 22,000",Brand New,HP,Location: Along Tom mboya street  Opposite  Fire Station Pioneer Tom mboya street 3rd floor  room 30
https://jiji.co.ke/nairobi-central/computer-monitors/hp-series-5-24-524sw-fhd-white-monitor-pawwnhttrAKtCXwzb0QqmWX6.html?page=25&pos=3&cur_pos=3&ads_per_page=24&ads_count=4951&lid=kK0x-96JMh5YGoio&indexPosition=2,Hp Series 5 24'' 524sw FHD White Monitor,"KSh 16,799",Brand New,HP,Kimathi Street
https://jiji.co.ke/nairobi-central/computer-monitors/hp-x24c-gaming-monitor-eT6BDLAO56t6jGWdg6EleAYO.html?page=25&pos=6&cur_pos=6&ads_per_page=24&ads_count=4951&lid=kK0x-96JMh5YGoio&indexPosition=5,Hp X24c Gaming Monitor,"KSh 27,489",Brand New,HP,Old Mutual Building 3rd Floor Room 335 along Kimathi street
https://jiji.co.ke/nairobi-central/computer-monitors/lenovo-thinkvision-s22i-30-21-5-fhd-monitor-bK53LPXygQthWlU4A443Lt2.html?page=25&pos=9&cur_pos=9&ads_per_page=24&ads_count=4951&lid=kK0x-96JMh5YGoio&indexPosition=8,"Lenovo Thinkvision S22i-30 21.5"" FHD Monitor","KSh 12,999",Brand New,Lenovo,TURKANA BUSINESS CENTER 1st FLOOR Shop A15 Moi avenue just few meters from MKU Tower.
https://jiji.co.ke/nairobi-central/computer-monitors/hp-x24c-23-6-fhd-1920x1080curved-gaming-monitor-5YwHwIOeqowxbF8H1RXRHk7i.html?page=25&pos=12&cur_pos=12&ads_per_page=24&ads_count=4951&lid=kK0x-96JMh5YGoio&indexPosition=11,"Hp X24c 23.6"" FHD 1920x1080curved Gaming Monitor","KSh 27,499",Brand New,HP,"Located Kimathi Street, Pioneer Building 4th Flr, Room 4.Next to Nation Centre Opposite Stanbic Bank"
https://jiji.co.ke/nairobi-central/computer-monitors/dell-e2425h-24-inch-led-lcd-monitor-1080p-dell-e2425h-on-offer-d1mIkq0uGQhQKzFihxTMI4QX.html?page=25&pos=15&cur_pos=15&ads_per_page=24&ads_count=4951&lid=kK0x-96JMh5YGoio&indexPosition=14,Dell E2425h 24 Inch Led LCD Monitor 1080p Dell-e2425h.On Offer,"KSh 17,500",Brand New,Dell,"Nairobi , Moi Avenue, Rahimtulla Trust Building, 2nd floor, right wing, shop 34.opposite Bihi towers"
https://jiji.co.ke/nairobi-central/computer-monitors/acer-v247y-24-inch-monitor-1080p-resolution-BChGg6ZookUkqrthM0HItUCo.html?page=25&pos=18&cur_pos=18&ads_per_page=24&ads_count=4951&lid=kK0x-96JMh5YGoio&indexPosition=17,"Acer V247y 24 Inch Monitor 
1080p Resolution","KSh 12,000",Refurbished,Acer,Not available
https://jiji.co.ke/nairobi-central/computer-monitors/intouch-2401f-24-inch-full-hd-touchscreen-monitor-type-c-1AVdzDkRosWZMYl5OH4uA4f8.html?page=25&pos=21&cur_pos=21&ads_per_page=24&ads_count=4951&lid=kK0x-96JMh5YGoio&indexPosition=20,"Intouch 2401f
24 Inch Full Hd 
Touchscreen Monitor 
Type C","KSh 14,999",Refurbished,Other,Location: Along Tom mboya street  Opposite  Fire Station Pioneer Tom mboya street 3rd floor  room 30
https://jiji.co.ke/nairobi-central/computer-monitors/viotek-gaming-monitor-32-inch-curved-display-resolution-144hz-kMCYWU5PmIcoCgTz1LeGbsXA.html?page=25&pos=24&cur_pos=24&ads_per_page=24&ads_count=4951&lid=kK0x-96JMh5YGoio&indexPosition=23,"Viotek Gaming Monitor 
32 Inch Curved Display
 Resolution
144hz","KSh 32,000",Refurbished,Viotek,Location: Along Tom mboya street  Opposite  Fire Station Pioneer Tom mboya street 3rd floor  room 30
